File_ID,Group_ID
img_0000.png,A
img_0001.png,A
img_0002.png,A
img_0003.png,A
img_0004.png,A
img_0005.png,A
img_0006.png,A
img_0007.png,A
img_0008.png,A
img_0009.png,A
img_0010.png,A
img_0011.png,A
img_0012.png,A
img_0013.png,A
img_0014.png,A
img_0015.png,A
img_0016.png,A
img_0017.png,A
img_0018.png,A
img_0019.png,A
img_0020.png,A
img_0021.png,A
img_0022.png,A
img_0023.png,A
img_0024.png,A
img_0025.png,A
img_0026.png,A
img_0027.png,A
img_0028.png,A
img_0029.png,A
img_0030.png,A
img_0031.png,A
img_0032.png,A
img_0033.png,A
img_0034.png,A
img_0035.png,A
img_0036.png,A
img_0037.png,A
img_0038.png,A
img_0039.png,A
img_0040.png,A
img_0041.png,A
img_0042.png,A
img_0043.png,A
img_0044.png,A
img_0045.png,A
img_0046.png,A
img_0047.png,A
img_0048.png,A
img_0049.png,A
img_0050.png,A
img_0051.png,A
img_0052.png,A
img_0053.png,A
img_0054.png,A
img_0055.png,A
img_0056.png,A
img_0057.png,A
img_0058.png,A
img_0059.png,A
img_0060.png,A
img_0061.png,A
img_0062.png,A
img_0063.png,A
img_0064.png,A
img_0065.png,A
img_0066.png,A
img_0067.png,A
img_0068.png,A
img_0069.png,A
img_0070.png,A
img_0071.png,A
img_0072.png,A
img_0073.png,A
img_0074.png,A
img_0075.png,A
img_0076.png,A
img_0077.png,A
img_0078.png,A
img_0079.png,A
img_0080.png,A
img_0081.png,A
img_0082.png,A
img_0083.png,A
img_0084.png,A
img_0085.png,A
img_0086.png,A
img_0087.png,A
img_0088.png,A
img_0089.png,A
img_0090.png,A
img_0091.png,A
img_0092.png,A
img_0093.png,A
img_0094.png,A
img_0095.png,A
img_0096.png,A
img_0097.png,A
img_0098.png,A
img_0099.png,A
img_0100.png,A
img_0101.png,A
img_0102.png,A
img_0103.png,A
img_0104.png,A
img_0105.png,A
img_0106.png,A
img_0107.png,A
img_0108.png,A
img_0109.png,A
img_0110.png,A
img_0111.png,A
img_0112.png,A
img_0113.png,A
img_0114.png,A
img_0115.png,A
img_0116.png,A
img_0117.png,A
img_0118.png,A
img_0119.png,A
img_0120.png,A
img_0121.png,A
img_0122.png,A
img_0123.png,A
img_0124.png,A
img_0125.png,A
img_0126.png,A
img_0127.png,A
img_0128.png,A
img_0129.png,A
img_0130.png,A
img_0131.png,A
img_0132.png,A
img_0133.png,A
img_0134.png,A
img_0135.png,A
img_0136.png,A
img_0137.png,A
img_0138.png,A
img_0139.png,A
img_0140.png,A
img_0141.png,A
img_0142.png,A
img_0143.png,A
img_0144.png,A
img_0145.png,A
img_0146.png,A
img_0147.png,A
img_0148.png,A
img_0149.png,A
img_0150.png,A
img_0151.png,A
img_0152.png,A
img_0153.png,A
img_0154.png,A
img_0155.png,A
img_0156.png,A
img_0157.png,A
img_0158.png,A
img_0159.png,A
img_0160.png,A
img_0161.png,A
img_0162.png,A
img_0163.png,A
img_0164.png,A
img_0165.png,A
img_0166.png,A
img_0167.png,A
img_0168.png,A
img_0169.png,A
img_0170.png,A
img_0171.png,A
img_0172.png,A
img_0173.png,A
img_0174.png,A
img_0175.png,A
img_0176.png,A
img_0177.png,A
img_0178.png,A
img_0179.png,A
img_0180.png,A
img_0181.png,A
img_0182.png,A
img_0183.png,A
img_0184.png,A
img_0185.png,A
img_0186.png,A
img_0187.png,A
img_0188.png,A
img_0189.png,A
img_0190.png,A
img_0191.png,A
img_0192.png,A
img_0193.png,A
img_0194.png,A
img_0195.png,A
img_0196.png,A
img_0197.png,A
img_0198.png,A
img_0199.png,A
img_0131.png,B
img_0132.png,B
img_0133.png,B
img_0134.png,B
img_0135.png,B
img_0136.png,B
img_0137.png,B
img_0138.png,B
img_0139.png,B
img_0140.png,B
img_0141.png,B
img_0142.png,B
img_0143.png,B
img_0144.png,B
img_0145.png,B
img_0146.png,B
img_0147.png,B
img_0148.png,B
img_0149.png,B
img_0150.png,B
img_0151.png,B
img_0152.png,B
img_0153.png,B
img_0154.png,B
img_0155.png,B
img_0156.png,B
img_0157.png,B
img_0158.png,B
img_0159.png,B
img_0160.png,B
img_0161.png,B
img_0162.png,B
img_0163.png,B
img_0164.png,B
img_0165.png,B
img_0166.png,B
img_0167.png,B
img_0168.png,B
img_0169.png,B
img_0170.png,B
img_0171.png,B
img_0172.png,B
img_0173.png,B
img_0174.png,B
img_0175.png,B
img_0176.png,B
img_0177.png,B
img_0178.png,B
img_0179.png,B
img_0180.png,B
img_0181.png,B
img_0182.png,B
img_0183.png,B
img_0184.png,B
img_0185.png,B
img_0186.png,B
img_0187.png,B
img_0188.png,B
img_0189.png,B
img_0190.png,B
img_0191.png,B
img_0192.png,B
img_0193.png,B
img_0194.png,B
img_0195.png,B
img_0196.png,B
img_0197.png,B
img_0198.png,B
img_0199.png,B
img_0200.png,B
img_0201.png,B
img_0202.png,B
img_0203.png,B
img_0204.png,B
img_0205.png,B
img_0206.png,B
img_0207.png,B
img_0208.png,B
img_0209.png,B
img_0210.png,B
img_0211.png,B
img_0212.png,B
img_0213.png,B
img_0214.png,B
img_0215.png,B
img_0216.png,B
img_0217.png,B
img_0218.png,B
img_0219.png,B
img_0220.png,B
img_0221.png,B
img_0222.png,B
img_0223.png,B
img_0224.png,B
img_0225.png,B
img_0226.png,B
img_0227.png,B
img_0228.png,B
img_0229.png,B
img_0230.png,B
img_0231.png,B
img_0232.png,B
img_0233.png,B
img_0234.png,B
img_0235.png,B
img_0236.png,B
img_0237.png,B
img_0238.png,B
img_0239.png,B
img_0240.png,B
img_0241.png,B
img_0242.png,B
img_0243.png,B
img_0244.png,B
img_0245.png,B
img_0246.png,B
img_0247.png,B
img_0248.png,B
img_0249.png,B
img_0250.png,B
img_0251.png,B
img_0252.png,B
img_0253.png,B
img_0254.png,B
img_0255.png,B
img_0256.png,B
img_0257.png,B
img_0258.png,B
img_0259.png,B
img_0260.png,B
img_0261.png,B
img_0262.png,B
img_0263.png,B
img_0264.png,B
img_0265.png,B
img_0266.png,B
img_0267.png,B
img_0268.png,B
img_0269.png,B
img_0270.png,B
img_0271.png,B
img_0272.png,B
img_0273.png,B
img_0274.png,B
img_0275.png,B
img_0276.png,B
img_0277.png,B
img_0278.png,B
img_0279.png,B
img_0280.png,B
img_0281.png,B
img_0282.png,B
img_0283.png,B
img_0284.png,B
img_0285.png,B
img_0286.png,B
img_0287.png,B
img_0288.png,B
img_0289.png,B
img_0290.png,B
img_0291.png,B
img_0292.png,B
img_0293.png,B
img_0294.png,B
img_0295.png,B
img_0296.png,B
img_0297.png,B
img_0298.png,B
img_0299.png,B
img_0300.png,B
img_0301.png,B
img_0302.png,B
img_0303.png,B
img_0304.png,B
img_0305.png,B
img_0306.png,B
img_0307.png,B
img_0308.png,B
img_0309.png,B
img_0310.png,B
img_0311.png,B
img_0312.png,B
img_0313.png,B
img_0314.png,B
img_0315.png,B
img_0316.png,B
img_0317.png,B
img_0318.png,B
img_0319.png,B
img_0320.png,B
img_0321.png,B
img_0322.png,B
img_0323.png,B
img_0324.png,B
img_0325.png,B
img_0326.png,B
img_0327.png,B
img_0328.png,B
img_0329.png,B
img_0330.png,B
img_0262.png,C
img_0263.png,C
img_0264.png,C
img_0265.png,C
img_0266.png,C
img_0267.png,C
img_0268.png,C
img_0269.png,C
img_0270.png,C
img_0271.png,C
img_0272.png,C
img_0273.png,C
img_0274.png,C
img_0275.png,C
img_0276.png,C
img_0277.png,C
img_0278.png,C
img_0279.png,C
img_0280.png,C
img_0281.png,C
img_0282.png,C
img_0283.png,C
img_0284.png,C
img_0285.png,C
img_0286.png,C
img_0287.png,C
img_0288.png,C
img_0289.png,C
img_0290.png,C
img_0291.png,C
img_0292.png,C
img_0293.png,C
img_0294.png,C
img_0295.png,C
img_0296.png,C
img_0297.png,C
img_0298.png,C
img_0299.png,C
img_0300.png,C
img_0301.png,C
img_0302.png,C
img_0303.png,C
img_0304.png,C
img_0305.png,C
img_0306.png,C
img_0307.png,C
img_0308.png,C
img_0309.png,C
img_0310.png,C
img_0311.png,C
img_0312.png,C
img_0313.png,C
img_0314.png,C
img_0315.png,C
img_0316.png,C
img_0317.png,C
img_0318.png,C
img_0319.png,C
img_0320.png,C
img_0321.png,C
img_0322.png,C
img_0323.png,C
img_0324.png,C
img_0325.png,C
img_0326.png,C
img_0327.png,C
img_0328.png,C
img_0329.png,C
img_0330.png,C
img_0331.png,C
img_0332.png,C
img_0333.png,C
img_0334.png,C
img_0335.png,C
img_0336.png,C
img_0337.png,C
img_0338.png,C
img_0339.png,C
img_0340.png,C
img_0341.png,C
img_0342.png,C
img_0343.png,C
img_0344.png,C
img_0345.png,C
img_0346.png,C
img_0347.png,C
img_0348.png,C
img_0349.png,C
img_0350.png,C
img_0351.png,C
img_0352.png,C
img_0353.png,C
img_0354.png,C
img_0355.png,C
img_0356.png,C
img_0357.png,C
img_0358.png,C
img_0359.png,C
img_0360.png,C
img_0361.png,C
img_0362.png,C
img_0363.png,C
img_0364.png,C
img_0365.png,C
img_0366.png,C
img_0367.png,C
img_0368.png,C
img_0369.png,C
img_0370.png,C
img_0371.png,C
img_0372.png,C
img_0373.png,C
img_0374.png,C
img_0375.png,C
img_0376.png,C
img_0377.png,C
img_0378.png,C
img_0379.png,C
img_0380.png,C
img_0381.png,C
img_0382.png,C
img_0383.png,C
img_0384.png,C
img_0385.png,C
img_0386.png,C
img_0387.png,C
img_0388.png,C
img_0389.png,C
img_0390.png,C
img_0391.png,C
img_0392.png,C
img_0393.png,C
img_0394.png,C
img_0395.png,C
img_0396.png,C
img_0397.png,C
img_0398.png,C
img_0399.png,C
img_0400.png,C
img_0401.png,C
img_0402.png,C
img_0403.png,C
img_0404.png,C
img_0405.png,C
img_0406.png,C
img_0407.png,C
img_0408.png,C
img_0409.png,C
img_0410.png,C
img_0411.png,C
img_0412.png,C
img_0413.png,C
img_0414.png,C
img_0415.png,C
img_0416.png,C
img_0417.png,C
img_0418.png,C
img_0419.png,C
img_0420.png,C
img_0421.png,C
img_0422.png,C
img_0423.png,C
img_0424.png,C
img_0425.png,C
img_0426.png,C
img_0427.png,C
img_0428.png,C
img_0429.png,C
img_0430.png,C
img_0431.png,C
img_0432.png,C
img_0433.png,C
img_0434.png,C
img_0435.png,C
img_0436.png,C
img_0437.png,C
img_0438.png,C
img_0439.png,C
img_0440.png,C
img_0441.png,C
img_0442.png,C
img_0443.png,C
img_0444.png,C
img_0445.png,C
img_0446.png,C
img_0447.png,C
img_0448.png,C
img_0449.png,C
img_0450.png,C
img_0451.png,C
img_0452.png,C
img_0453.png,C
img_0454.png,C
img_0455.png,C
img_0456.png,C
img_0457.png,C
img_0458.png,C
img_0459.png,C
img_0460.png,C
img_0461.png,C
img_0393.png,D
img_0394.png,D
img_0395.png,D
img_0396.png,D
img_0397.png,D
img_0398.png,D
img_0399.png,D
img_0400.png,D
img_0401.png,D
img_0402.png,D
img_0403.png,D
img_0404.png,D
img_0405.png,D
img_0406.png,D
img_0407.png,D
img_0408.png,D
img_0409.png,D
img_0410.png,D
img_0411.png,D
img_0412.png,D
img_0413.png,D
img_0414.png,D
img_0415.png,D
img_0416.png,D
img_0417.png,D
img_0418.png,D
img_0419.png,D
img_0420.png,D
img_0421.png,D
img_0422.png,D
img_0423.png,D
img_0424.png,D
img_0425.png,D
img_0426.png,D
img_0427.png,D
img_0428.png,D
img_0429.png,D
img_0430.png,D
img_0431.png,D
img_0432.png,D
img_0433.png,D
img_0434.png,D
img_0435.png,D
img_0436.png,D
img_0437.png,D
img_0438.png,D
img_0439.png,D
img_0440.png,D
img_0441.png,D
img_0442.png,D
img_0443.png,D
img_0444.png,D
img_0445.png,D
img_0446.png,D
img_0447.png,D
img_0448.png,D
img_0449.png,D
img_0450.png,D
img_0451.png,D
img_0452.png,D
img_0453.png,D
img_0454.png,D
img_0455.png,D
img_0456.png,D
img_0457.png,D
img_0458.png,D
img_0459.png,D
img_0460.png,D
img_0461.png,D
img_0462.png,D
img_0463.png,D
img_0464.png,D
img_0465.png,D
img_0466.png,D
img_0467.png,D
img_0468.png,D
img_0469.png,D
img_0470.png,D
img_0471.png,D
img_0472.png,D
img_0473.png,D
img_0474.png,D
img_0475.png,D
img_0476.png,D
img_0477.png,D
img_0478.png,D
img_0479.png,D
img_0480.png,D
img_0481.png,D
img_0482.png,D
img_0483.png,D
img_0484.png,D
img_0485.png,D
img_0486.png,D
img_0487.png,D
img_0488.png,D
img_0489.png,D
img_0490.png,D
img_0491.png,D
img_0492.png,D
img_0493.png,D
img_0494.png,D
img_0495.png,D
img_0496.png,D
img_0497.png,D
img_0498.png,D
img_0499.png,D
img_0500.png,D
img_0501.png,D
img_0502.png,D
img_0503.png,D
img_0504.png,D
img_0505.png,D
img_0506.png,D
img_0507.png,D
img_0508.png,D
img_0509.png,D
img_0510.png,D
img_0511.png,D
img_0512.png,D
img_0513.png,D
img_0514.png,D
img_0515.png,D
img_0516.png,D
img_0517.png,D
img_0518.png,D
img_0519.png,D
img_0520.png,D
img_0521.png,D
img_0522.png,D
img_0523.png,D
img_0524.png,D
img_0525.png,D
img_0526.png,D
img_0527.png,D
img_0528.png,D
img_0529.png,D
img_0530.png,D
img_0531.png,D
img_0532.png,D
img_0533.png,D
img_0534.png,D
img_0535.png,D
img_0536.png,D
img_0537.png,D
img_0538.png,D
img_0539.png,D
img_0540.png,D
img_0541.png,D
img_0542.png,D
img_0543.png,D
img_0544.png,D
img_0545.png,D
img_0546.png,D
img_0547.png,D
img_0548.png,D
img_0549.png,D
img_0550.png,D
img_0551.png,D
img_0552.png,D
img_0553.png,D
img_0554.png,D
img_0555.png,D
img_0556.png,D
img_0557.png,D
img_0558.png,D
img_0559.png,D
img_0560.png,D
img_0561.png,D
img_0562.png,D
img_0563.png,D
img_0564.png,D
img_0565.png,D
img_0566.png,D
img_0567.png,D
img_0568.png,D
img_0569.png,D
img_0570.png,D
img_0571.png,D
img_0572.png,D
img_0573.png,D
img_0574.png,D
img_0575.png,D
img_0576.png,D
img_0577.png,D
img_0578.png,D
img_0579.png,D
img_0580.png,D
img_0581.png,D
img_0582.png,D
img_0583.png,D
img_0584.png,D
img_0585.png,D
img_0586.png,D
img_0587.png,D
img_0588.png,D
img_0589.png,D
img_0590.png,D
img_0591.png,D
img_0592.png,D
img_0524.png,E
img_0525.png,E
img_0526.png,E
img_0527.png,E
img_0528.png,E
img_0529.png,E
img_0530.png,E
img_0531.png,E
img_0532.png,E
img_0533.png,E
img_0534.png,E
img_0535.png,E
img_0536.png,E
img_0537.png,E
img_0538.png,E
img_0539.png,E
img_0540.png,E
img_0541.png,E
img_0542.png,E
img_0543.png,E
img_0544.png,E
img_0545.png,E
img_0546.png,E
img_0547.png,E
img_0548.png,E
img_0549.png,E
img_0550.png,E
img_0551.png,E
img_0552.png,E
img_0553.png,E
img_0554.png,E
img_0555.png,E
img_0556.png,E
img_0557.png,E
img_0558.png,E
img_0559.png,E
img_0560.png,E
img_0561.png,E
img_0562.png,E
img_0563.png,E
img_0564.png,E
img_0565.png,E
img_0566.png,E
img_0567.png,E
img_0568.png,E
img_0569.png,E
img_0570.png,E
img_0571.png,E
img_0572.png,E
img_0573.png,E
img_0574.png,E
img_0575.png,E
img_0576.png,E
img_0577.png,E
img_0578.png,E
img_0579.png,E
img_0580.png,E
img_0581.png,E
img_0582.png,E
img_0583.png,E
img_0584.png,E
img_0585.png,E
img_0586.png,E
img_0587.png,E
img_0588.png,E
img_0589.png,E
img_0590.png,E
img_0591.png,E
img_0592.png,E
img_0593.png,E
img_0594.png,E
img_0595.png,E
img_0596.png,E
img_0597.png,E
img_0598.png,E
img_0599.png,E
img_0600.png,E
img_0601.png,E
img_0602.png,E
img_0603.png,E
img_0604.png,E
img_0605.png,E
img_0606.png,E
img_0607.png,E
img_0608.png,E
img_0609.png,E
img_0610.png,E
img_0611.png,E
img_0612.png,E
img_0613.png,E
img_0614.png,E
img_0615.png,E
img_0616.png,E
img_0617.png,E
img_0618.png,E
img_0619.png,E
img_0620.png,E
img_0621.png,E
img_0622.png,E
img_0623.png,E
img_0624.png,E
img_0625.png,E
img_0626.png,E
img_0627.png,E
img_0628.png,E
img_0629.png,E
img_0630.png,E
img_0631.png,E
img_0632.png,E
img_0633.png,E
img_0634.png,E
img_0635.png,E
img_0636.png,E
img_0637.png,E
img_0638.png,E
img_0639.png,E
img_0640.png,E
img_0641.png,E
img_0642.png,E
img_0643.png,E
img_0644.png,E
img_0645.png,E
img_0646.png,E
img_0647.png,E
img_0648.png,E
img_0649.png,E
img_0650.png,E
img_0651.png,E
img_0652.png,E
img_0653.png,E
img_0654.png,E
img_0655.png,E
img_0656.png,E
img_0657.png,E
img_0658.png,E
img_0659.png,E
img_0660.png,E
img_0661.png,E
img_0662.png,E
img_0663.png,E
img_0664.png,E
img_0665.png,E
img_0666.png,E
img_0667.png,E
img_0668.png,E
img_0669.png,E
img_0670.png,E
img_0671.png,E
img_0672.png,E
img_0673.png,E
img_0674.png,E
img_0675.png,E
img_0676.png,E
img_0677.png,E
img_0678.png,E
img_0679.png,E
img_0680.png,E
img_0681.png,E
img_0682.png,E
img_0683.png,E
img_0684.png,E
img_0685.png,E
img_0686.png,E
img_0687.png,E
img_0688.png,E
img_0689.png,E
img_0690.png,E
img_0691.png,E
img_0692.png,E
img_0693.png,E
img_0694.png,E
img_0695.png,E
img_0696.png,E
img_0697.png,E
img_0698.png,E
img_0699.png,E
img_0700.png,E
img_0701.png,E
img_0702.png,E
img_0703.png,E
img_0704.png,E
img_0705.png,E
img_0706.png,E
img_0707.png,E
img_0708.png,E
img_0709.png,E
img_0710.png,E
img_0711.png,E
img_0712.png,E
img_0713.png,E
img_0714.png,E
img_0715.png,E
img_0716.png,E
img_0717.png,E
img_0718.png,E
img_0719.png,E
img_0720.png,E
img_0721.png,E
img_0722.png,E
img_0723.png,E
img_0655.png,F
img_0656.png,F
img_0657.png,F
img_0658.png,F
img_0659.png,F
img_0660.png,F
img_0661.png,F
img_0662.png,F
img_0663.png,F
img_0664.png,F
img_0665.png,F
img_0666.png,F
img_0667.png,F
img_0668.png,F
img_0669.png,F
img_0670.png,F
img_0671.png,F
img_0672.png,F
img_0673.png,F
img_0674.png,F
img_0675.png,F
img_0676.png,F
img_0677.png,F
img_0678.png,F
img_0679.png,F
img_0680.png,F
img_0681.png,F
img_0682.png,F
img_0683.png,F
img_0684.png,F
img_0685.png,F
img_0686.png,F
img_0687.png,F
img_0688.png,F
img_0689.png,F
img_0690.png,F
img_0691.png,F
img_0692.png,F
img_0693.png,F
img_0694.png,F
img_0695.png,F
img_0696.png,F
img_0697.png,F
img_0698.png,F
img_0699.png,F
img_0700.png,F
img_0701.png,F
img_0702.png,F
img_0703.png,F
img_0704.png,F
img_0705.png,F
img_0706.png,F
img_0707.png,F
img_0708.png,F
img_0709.png,F
img_0710.png,F
img_0711.png,F
img_0712.png,F
img_0713.png,F
img_0714.png,F
img_0715.png,F
img_0716.png,F
img_0717.png,F
img_0718.png,F
img_0719.png,F
img_0720.png,F
img_0721.png,F
img_0722.png,F
img_0723.png,F
img_0724.png,F
img_0725.png,F
img_0726.png,F
img_0727.png,F
img_0728.png,F
img_0729.png,F
img_0730.png,F
img_0731.png,F
img_0732.png,F
img_0733.png,F
img_0734.png,F
img_0735.png,F
img_0736.png,F
img_0737.png,F
img_0738.png,F
img_0739.png,F
img_0740.png,F
img_0741.png,F
img_0742.png,F
img_0743.png,F
img_0744.png,F
img_0745.png,F
img_0746.png,F
img_0747.png,F
img_0748.png,F
img_0749.png,F
img_0750.png,F
img_0751.png,F
img_0752.png,F
img_0753.png,F
img_0754.png,F
img_0755.png,F
img_0756.png,F
img_0757.png,F
img_0758.png,F
img_0759.png,F
img_0760.png,F
img_0761.png,F
img_0762.png,F
img_0763.png,F
img_0764.png,F
img_0765.png,F
img_0766.png,F
img_0767.png,F
img_0768.png,F
img_0769.png,F
img_0770.png,F
img_0771.png,F
img_0772.png,F
img_0773.png,F
img_0774.png,F
img_0775.png,F
img_0776.png,F
img_0777.png,F
img_0778.png,F
img_0779.png,F
img_0780.png,F
img_0781.png,F
img_0782.png,F
img_0783.png,F
img_0784.png,F
img_0785.png,F
img_0786.png,F
img_0787.png,F
img_0788.png,F
img_0789.png,F
img_0790.png,F
img_0791.png,F
img_0792.png,F
img_0793.png,F
img_0794.png,F
img_0795.png,F
img_0796.png,F
img_0797.png,F
img_0798.png,F
img_0799.png,F
img_0800.png,F
img_0801.png,F
img_0802.png,F
img_0803.png,F
img_0804.png,F
img_0805.png,F
img_0806.png,F
img_0807.png,F
img_0808.png,F
img_0809.png,F
img_0810.png,F
img_0811.png,F
img_0812.png,F
img_0813.png,F
img_0814.png,F
img_0815.png,F
img_0816.png,F
img_0817.png,F
img_0818.png,F
img_0819.png,F
img_0820.png,F
img_0821.png,F
img_0822.png,F
img_0823.png,F
img_0824.png,F
img_0825.png,F
img_0826.png,F
img_0827.png,F
img_0828.png,F
img_0829.png,F
img_0830.png,F
img_0831.png,F
img_0832.png,F
img_0833.png,F
img_0834.png,F
img_0835.png,F
img_0836.png,F
img_0837.png,F
img_0838.png,F
img_0839.png,F
img_0840.png,F
img_0841.png,F
img_0842.png,F
img_0843.png,F
img_0844.png,F
img_0845.png,F
img_0846.png,F
img_0847.png,F
img_0848.png,F
img_0849.png,F
img_0850.png,F
img_0851.png,F
img_0852.png,F
img_0853.png,F
img_0854.png,F
img_0786.png,G
img_0787.png,G
img_0788.png,G
img_0789.png,G
img_0790.png,G
img_0791.png,G
img_0792.png,G
img_0793.png,G
img_0794.png,G
img_0795.png,G
img_0796.png,G
img_0797.png,G
img_0798.png,G
img_0799.png,G
img_0800.png,G
img_0801.png,G
img_0802.png,G
img_0803.png,G
img_0804.png,G
img_0805.png,G
img_0806.png,G
img_0807.png,G
img_0808.png,G
img_0809.png,G
img_0810.png,G
img_0811.png,G
img_0812.png,G
img_0813.png,G
img_0814.png,G
img_0815.png,G
img_0816.png,G
img_0817.png,G
img_0818.png,G
img_0819.png,G
img_0820.png,G
img_0821.png,G
img_0822.png,G
img_0823.png,G
img_0824.png,G
img_0825.png,G
img_0826.png,G
img_0827.png,G
img_0828.png,G
img_0829.png,G
img_0830.png,G
img_0831.png,G
img_0832.png,G
img_0833.png,G
img_0834.png,G
img_0835.png,G
img_0836.png,G
img_0837.png,G
img_0838.png,G
img_0839.png,G
img_0840.png,G
img_0841.png,G
img_0842.png,G
img_0843.png,G
img_0844.png,G
img_0845.png,G
img_0846.png,G
img_0847.png,G
img_0848.png,G
img_0849.png,G
img_0850.png,G
img_0851.png,G
img_0852.png,G
img_0853.png,G
img_0854.png,G
img_0855.png,G
img_0856.png,G
img_0857.png,G
img_0858.png,G
img_0859.png,G
img_0860.png,G
img_0861.png,G
img_0862.png,G
img_0863.png,G
img_0864.png,G
img_0865.png,G
img_0866.png,G
img_0867.png,G
img_0868.png,G
img_0869.png,G
img_0870.png,G
img_0871.png,G
img_0872.png,G
img_0873.png,G
img_0874.png,G
img_0875.png,G
img_0876.png,G
img_0877.png,G
img_0878.png,G
img_0879.png,G
img_0880.png,G
img_0881.png,G
img_0882.png,G
img_0883.png,G
img_0884.png,G
img_0885.png,G
img_0886.png,G
img_0887.png,G
img_0888.png,G
img_0889.png,G
img_0890.png,G
img_0891.png,G
img_0892.png,G
img_0893.png,G
img_0894.png,G
img_0895.png,G
img_0896.png,G
img_0897.png,G
img_0898.png,G
img_0899.png,G
img_0900.png,G
img_0901.png,G
img_0902.png,G
img_0903.png,G
img_0904.png,G
img_0905.png,G
img_0906.png,G
img_0907.png,G
img_0908.png,G
img_0909.png,G
img_0910.png,G
img_0911.png,G
img_0912.png,G
img_0913.png,G
img_0914.png,G
img_0915.png,G
img_0916.png,G
img_0917.png,G
img_0918.png,G
img_0919.png,G
img_0920.png,G
img_0921.png,G
img_0922.png,G
img_0923.png,G
img_0924.png,G
img_0925.png,G
img_0926.png,G
img_0927.png,G
img_0928.png,G
img_0929.png,G
img_0930.png,G
img_0931.png,G
img_0932.png,G
img_0933.png,G
img_0934.png,G
img_0935.png,G
img_0936.png,G
img_0937.png,G
img_0938.png,G
img_0939.png,G
img_0940.png,G
img_0941.png,G
img_0942.png,G
img_0943.png,G
img_0944.png,G
img_0945.png,G
img_0946.png,G
img_0947.png,G
img_0948.png,G
img_0949.png,G
img_0950.png,G
img_0951.png,G
img_0952.png,G
img_0953.png,G
img_0954.png,G
img_0955.png,G
img_0956.png,G
img_0957.png,G
img_0958.png,G
img_0959.png,G
img_0960.png,G
img_0961.png,G
img_0962.png,G
img_0963.png,G
img_0964.png,G
img_0965.png,G
img_0966.png,G
img_0967.png,G
img_0968.png,G
img_0969.png,G
img_0970.png,G
img_0971.png,G
img_0972.png,G
img_0973.png,G
img_0974.png,G
img_0975.png,G
img_0976.png,G
img_0977.png,G
img_0978.png,G
img_0979.png,G
img_0980.png,G
img_0981.png,G
img_0982.png,G
img_0983.png,G
img_0984.png,G
img_0985.png,G
img_0917.png,H
img_0918.png,H
img_0919.png,H
img_0920.png,H
img_0921.png,H
img_0922.png,H
img_0923.png,H
img_0924.png,H
img_0925.png,H
img_0926.png,H
img_0927.png,H
img_0928.png,H
img_0929.png,H
img_0930.png,H
img_0931.png,H
img_0932.png,H
img_0933.png,H
img_0934.png,H
img_0935.png,H
img_0936.png,H
img_0937.png,H
img_0938.png,H
img_0939.png,H
img_0940.png,H
img_0941.png,H
img_0942.png,H
img_0943.png,H
img_0944.png,H
img_0945.png,H
img_0946.png,H
img_0947.png,H
img_0948.png,H
img_0949.png,H
img_0950.png,H
img_0951.png,H
img_0952.png,H
img_0953.png,H
img_0954.png,H
img_0955.png,H
img_0956.png,H
img_0957.png,H
img_0958.png,H
img_0959.png,H
img_0960.png,H
img_0961.png,H
img_0962.png,H
img_0963.png,H
img_0964.png,H
img_0965.png,H
img_0966.png,H
img_0967.png,H
img_0968.png,H
img_0969.png,H
img_0970.png,H
img_0971.png,H
img_0972.png,H
img_0973.png,H
img_0974.png,H
img_0975.png,H
img_0976.png,H
img_0977.png,H
img_0978.png,H
img_0979.png,H
img_0980.png,H
img_0981.png,H
img_0982.png,H
img_0983.png,H
img_0984.png,H
img_0985.png,H
img_0986.png,H
img_0987.png,H
img_0988.png,H
img_0989.png,H
img_0990.png,H
img_0991.png,H
img_0992.png,H
img_0993.png,H
img_0994.png,H
img_0995.png,H
img_0996.png,H
img_0997.png,H
img_0998.png,H
img_0999.png,H
img_1000.png,H
img_1001.png,H
img_1002.png,H
img_1003.png,H
img_1004.png,H
img_1005.png,H
img_1006.png,H
img_1007.png,H
img_1008.png,H
img_1009.png,H
img_1010.png,H
img_1011.png,H
img_1012.png,H
img_1013.png,H
img_1014.png,H
img_1015.png,H
img_1016.png,H
img_1017.png,H
img_1018.png,H
img_1019.png,H
img_1020.png,H
img_1021.png,H
img_1022.png,H
img_1023.png,H
img_1024.png,H
img_1025.png,H
img_1026.png,H
img_1027.png,H
img_1028.png,H
img_1029.png,H
img_1030.png,H
img_1031.png,H
img_1032.png,H
img_1033.png,H
img_1034.png,H
img_1035.png,H
img_1036.png,H
img_1037.png,H
img_1038.png,H
img_1039.png,H
img_1040.png,H
img_1041.png,H
img_1042.png,H
img_1043.png,H
img_1044.png,H
img_1045.png,H
img_1046.png,H
img_1047.png,H
img_1048.png,H
img_1049.png,H
img_1050.png,H
img_1051.png,H
img_1052.png,H
img_1053.png,H
img_1054.png,H
img_1055.png,H
img_1056.png,H
img_1057.png,H
img_1058.png,H
img_1059.png,H
img_1060.png,H
img_1061.png,H
img_1062.png,H
img_1063.png,H
img_1064.png,H
img_1065.png,H
img_1066.png,H
img_1067.png,H
img_1068.png,H
img_1069.png,H
img_1070.png,H
img_1071.png,H
img_1072.png,H
img_1073.png,H
img_1074.png,H
img_1075.png,H
img_1076.png,H
img_1077.png,H
img_1078.png,H
img_1079.png,H
img_1080.png,H
img_1081.png,H
img_1082.png,H
img_1083.png,H
img_1084.png,H
img_1085.png,H
img_1086.png,H
img_1087.png,H
img_1088.png,H
img_1089.png,H
img_1090.png,H
img_1091.png,H
img_1092.png,H
img_1093.png,H
img_1094.png,H
img_1095.png,H
img_1096.png,H
img_1097.png,H
img_1098.png,H
img_1099.png,H
img_1100.png,H
img_1101.png,H
img_1102.png,H
img_1103.png,H
img_1104.png,H
img_1105.png,H
img_1106.png,H
img_1107.png,H
img_1108.png,H
img_1109.png,H
img_1110.png,H
img_1111.png,H
img_1112.png,H
img_1113.png,H
img_1114.png,H
img_1115.png,H
img_1116.png,H
img_1048.png,I
img_1049.png,I
img_1050.png,I
img_1051.png,I
img_1052.png,I
img_1053.png,I
img_1054.png,I
img_1055.png,I
img_1056.png,I
img_1057.png,I
img_1058.png,I
img_1059.png,I
img_1060.png,I
img_1061.png,I
img_1062.png,I
img_1063.png,I
img_1064.png,I
img_1065.png,I
img_1066.png,I
img_1067.png,I
img_1068.png,I
img_1069.png,I
img_1070.png,I
img_1071.png,I
img_1072.png,I
img_1073.png,I
img_1074.png,I
img_1075.png,I
img_1076.png,I
img_1077.png,I
img_1078.png,I
img_1079.png,I
img_1080.png,I
img_1081.png,I
img_1082.png,I
img_1083.png,I
img_1084.png,I
img_1085.png,I
img_1086.png,I
img_1087.png,I
img_1088.png,I
img_1089.png,I
img_1090.png,I
img_1091.png,I
img_1092.png,I
img_1093.png,I
img_1094.png,I
img_1095.png,I
img_1096.png,I
img_1097.png,I
img_1098.png,I
img_1099.png,I
img_1100.png,I
img_1101.png,I
img_1102.png,I
img_1103.png,I
img_1104.png,I
img_1105.png,I
img_1106.png,I
img_1107.png,I
img_1108.png,I
img_1109.png,I
img_1110.png,I
img_1111.png,I
img_1112.png,I
img_1113.png,I
img_1114.png,I
img_1115.png,I
img_1116.png,I
img_1117.png,I
img_1118.png,I
img_1119.png,I
img_1120.png,I
img_1121.png,I
img_1122.png,I
img_1123.png,I
img_1124.png,I
img_1125.png,I
img_1126.png,I
img_1127.png,I
img_1128.png,I
img_1129.png,I
img_1130.png,I
img_1131.png,I
img_1132.png,I
img_1133.png,I
img_1134.png,I
img_1135.png,I
img_1136.png,I
img_1137.png,I
img_1138.png,I
img_1139.png,I
img_1140.png,I
img_1141.png,I
img_1142.png,I
img_1143.png,I
img_1144.png,I
img_1145.png,I
img_1146.png,I
img_1147.png,I
img_1148.png,I
img_1149.png,I
img_1150.png,I
img_1151.png,I
img_1152.png,I
img_1153.png,I
img_1154.png,I
img_1155.png,I
img_1156.png,I
img_1157.png,I
img_1158.png,I
img_1159.png,I
img_1160.png,I
img_1161.png,I
img_1162.png,I
img_1163.png,I
img_1164.png,I
img_1165.png,I
img_1166.png,I
img_1167.png,I
img_1168.png,I
img_1169.png,I
img_1170.png,I
img_1171.png,I
img_1172.png,I
img_1173.png,I
img_1174.png,I
img_1175.png,I
img_1176.png,I
img_1177.png,I
img_1178.png,I
img_1179.png,I
img_1180.png,I
img_1181.png,I
img_1182.png,I
img_1183.png,I
img_1184.png,I
img_1185.png,I
img_1186.png,I
img_1187.png,I
img_1188.png,I
img_1189.png,I
img_1190.png,I
img_1191.png,I
img_1192.png,I
img_1193.png,I
img_1194.png,I
img_1195.png,I
img_1196.png,I
img_1197.png,I
img_1198.png,I
img_1199.png,I
img_1200.png,I
img_1201.png,I
img_1202.png,I
img_1203.png,I
img_1204.png,I
img_1205.png,I
img_1206.png,I
img_1207.png,I
img_1208.png,I
img_1209.png,I
img_1210.png,I
img_1211.png,I
img_1212.png,I
img_1213.png,I
img_1214.png,I
img_1215.png,I
img_1216.png,I
img_1217.png,I
img_1218.png,I
img_1219.png,I
img_1220.png,I
img_1221.png,I
img_1222.png,I
img_1223.png,I
img_1224.png,I
img_1225.png,I
img_1226.png,I
img_1227.png,I
img_1228.png,I
img_1229.png,I
img_1230.png,I
img_1231.png,I
img_1232.png,I
img_1233.png,I
img_1234.png,I
img_1235.png,I
img_1236.png,I
img_1237.png,I
img_1238.png,I
img_1239.png,I
img_1240.png,I
img_1241.png,I
img_1242.png,I
img_1243.png,I
img_1244.png,I
img_1245.png,I
img_1246.png,I
img_1247.png,I
img_1179.png,J
img_1180.png,J
img_1181.png,J
img_1182.png,J
img_1183.png,J
img_1184.png,J
img_1185.png,J
img_1186.png,J
img_1187.png,J
img_1188.png,J
img_1189.png,J
img_1190.png,J
img_1191.png,J
img_1192.png,J
img_1193.png,J
img_1194.png,J
img_1195.png,J
img_1196.png,J
img_1197.png,J
img_1198.png,J
img_1199.png,J
img_1200.png,J
img_1201.png,J
img_1202.png,J
img_1203.png,J
img_1204.png,J
img_1205.png,J
img_1206.png,J
img_1207.png,J
img_1208.png,J
img_1209.png,J
img_1210.png,J
img_1211.png,J
img_1212.png,J
img_1213.png,J
img_1214.png,J
img_1215.png,J
img_1216.png,J
img_1217.png,J
img_1218.png,J
img_1219.png,J
img_1220.png,J
img_1221.png,J
img_1222.png,J
img_1223.png,J
img_1224.png,J
img_1225.png,J
img_1226.png,J
img_1227.png,J
img_1228.png,J
img_1229.png,J
img_1230.png,J
img_1231.png,J
img_1232.png,J
img_1233.png,J
img_1234.png,J
img_1235.png,J
img_1236.png,J
img_1237.png,J
img_1238.png,J
img_1239.png,J
img_1240.png,J
img_1241.png,J
img_1242.png,J
img_1243.png,J
img_1244.png,J
img_1245.png,J
img_1246.png,J
img_1247.png,J
img_1248.png,J
img_1249.png,J
img_1250.png,J
img_1251.png,J
img_1252.png,J
img_1253.png,J
img_1254.png,J
img_1255.png,J
img_1256.png,J
img_1257.png,J
img_1258.png,J
img_1259.png,J
img_1260.png,J
img_1261.png,J
img_1262.png,J
img_1263.png,J
img_1264.png,J
img_1265.png,J
img_1266.png,J
img_1267.png,J
img_1268.png,J
img_1269.png,J
img_1270.png,J
img_1271.png,J
img_1272.png,J
img_1273.png,J
img_1274.png,J
img_1275.png,J
img_1276.png,J
img_1277.png,J
img_1278.png,J
img_1279.png,J
img_1280.png,J
img_1281.png,J
img_1282.png,J
img_1283.png,J
img_1284.png,J
img_1285.png,J
img_1286.png,J
img_1287.png,J
img_1288.png,J
img_1289.png,J
img_1290.png,J
img_1291.png,J
img_1292.png,J
img_1293.png,J
img_1294.png,J
img_1295.png,J
img_1296.png,J
img_1297.png,J
img_1298.png,J
img_1299.png,J
img_1300.png,J
img_1301.png,J
img_1302.png,J
img_1303.png,J
img_1304.png,J
img_1305.png,J
img_1306.png,J
img_1307.png,J
img_1308.png,J
img_1309.png,J
img_1310.png,J
img_1311.png,J
img_1312.png,J
img_1313.png,J
img_1314.png,J
img_1315.png,J
img_1316.png,J
img_1317.png,J
img_1318.png,J
img_1319.png,J
img_1320.png,J
img_1321.png,J
img_1322.png,J
img_1323.png,J
img_1324.png,J
img_1325.png,J
img_1326.png,J
img_1327.png,J
img_1328.png,J
img_1329.png,J
img_1330.png,J
img_1331.png,J
img_1332.png,J
img_1333.png,J
img_1334.png,J
img_1335.png,J
img_1336.png,J
img_1337.png,J
img_1338.png,J
img_1339.png,J
img_1340.png,J
img_1341.png,J
img_1342.png,J
img_1343.png,J
img_1344.png,J
img_1345.png,J
img_1346.png,J
img_1347.png,J
img_1348.png,J
img_1349.png,J
img_1350.png,J
img_1351.png,J
img_1352.png,J
img_1353.png,J
img_1354.png,J
img_1355.png,J
img_1356.png,J
img_1357.png,J
img_1358.png,J
img_1359.png,J
img_1360.png,J
img_1361.png,J
img_1362.png,J
img_1363.png,J
img_1364.png,J
img_1365.png,J
img_1366.png,J
img_1367.png,J
img_1368.png,J
img_1369.png,J
img_1370.png,J
img_1371.png,J
img_1372.png,J
img_1373.png,J
img_1374.png,J
img_1375.png,J
img_1376.png,J
img_1377.png,J
img_1378.png,J
img_1310.png,K
img_1311.png,K
img_1312.png,K
img_1313.png,K
img_1314.png,K
img_1315.png,K
img_1316.png,K
img_1317.png,K
img_1318.png,K
img_1319.png,K
img_1320.png,K
img_1321.png,K
img_1322.png,K
img_1323.png,K
img_1324.png,K
img_1325.png,K
img_1326.png,K
img_1327.png,K
img_1328.png,K
img_1329.png,K
img_1330.png,K
img_1331.png,K
img_1332.png,K
img_1333.png,K
img_1334.png,K
img_1335.png,K
img_1336.png,K
img_1337.png,K
img_1338.png,K
img_1339.png,K
img_1340.png,K
img_1341.png,K
img_1342.png,K
img_1343.png,K
img_1344.png,K
img_1345.png,K
img_1346.png,K
img_1347.png,K
img_1348.png,K
img_1349.png,K
img_1350.png,K
img_1351.png,K
img_1352.png,K
img_1353.png,K
img_1354.png,K
img_1355.png,K
img_1356.png,K
img_1357.png,K
img_1358.png,K
img_1359.png,K
img_1360.png,K
img_1361.png,K
img_1362.png,K
img_1363.png,K
img_1364.png,K
img_1365.png,K
img_1366.png,K
img_1367.png,K
img_1368.png,K
img_1369.png,K
img_1370.png,K
img_1371.png,K
img_1372.png,K
img_1373.png,K
img_1374.png,K
img_1375.png,K
img_1376.png,K
img_1377.png,K
img_1378.png,K
img_1379.png,K
img_1380.png,K
img_1381.png,K
img_1382.png,K
img_1383.png,K
img_1384.png,K
img_1385.png,K
img_1386.png,K
img_1387.png,K
img_1388.png,K
img_1389.png,K
img_1390.png,K
img_1391.png,K
img_1392.png,K
img_1393.png,K
img_1394.png,K
img_1395.png,K
img_1396.png,K
img_1397.png,K
img_1398.png,K
img_1399.png,K
img_1400.png,K
img_1401.png,K
img_1402.png,K
img_1403.png,K
img_1404.png,K
img_1405.png,K
img_1406.png,K
img_1407.png,K
img_1408.png,K
img_1409.png,K
img_1410.png,K
img_1411.png,K
img_1412.png,K
img_1413.png,K
img_1414.png,K
img_1415.png,K
img_1416.png,K
img_1417.png,K
img_1418.png,K
img_1419.png,K
img_1420.png,K
img_1421.png,K
img_1422.png,K
img_1423.png,K
img_1424.png,K
img_1425.png,K
img_1426.png,K
img_1427.png,K
img_1428.png,K
img_1429.png,K
img_1430.png,K
img_1431.png,K
img_1432.png,K
img_1433.png,K
img_1434.png,K
img_1435.png,K
img_1436.png,K
img_1437.png,K
img_1438.png,K
img_1439.png,K
img_1440.png,K
img_1441.png,K
img_1442.png,K
img_1443.png,K
img_1444.png,K
img_1445.png,K
img_1446.png,K
img_1447.png,K
img_1448.png,K
img_1449.png,K
img_1450.png,K
img_1451.png,K
img_1452.png,K
img_1453.png,K
img_1454.png,K
img_1455.png,K
img_1456.png,K
img_1457.png,K
img_1458.png,K
img_1459.png,K
img_1460.png,K
img_1461.png,K
img_1462.png,K
img_1463.png,K
img_1464.png,K
img_1465.png,K
img_1466.png,K
img_1467.png,K
img_1468.png,K
img_1469.png,K
img_1470.png,K
img_1471.png,K
img_1472.png,K
img_1473.png,K
img_1474.png,K
img_1475.png,K
img_1476.png,K
img_1477.png,K
img_1478.png,K
img_1479.png,K
img_1480.png,K
img_1481.png,K
img_1482.png,K
img_1483.png,K
img_1484.png,K
img_1485.png,K
img_1486.png,K
img_1487.png,K
img_1488.png,K
img_1489.png,K
img_1490.png,K
img_1491.png,K
img_1492.png,K
img_1493.png,K
img_1494.png,K
img_1495.png,K
img_1496.png,K
img_1497.png,K
img_1498.png,K
img_1499.png,K
img_1500.png,K
img_1501.png,K
img_1502.png,K
img_1503.png,K
img_1504.png,K
img_1505.png,K
img_1506.png,K
img_1507.png,K
img_1508.png,K
img_1509.png,K
img_1441.png,L
img_1442.png,L
img_1443.png,L
img_1444.png,L
img_1445.png,L
img_1446.png,L
img_1447.png,L
img_1448.png,L
img_1449.png,L
img_1450.png,L
img_1451.png,L
img_1452.png,L
img_1453.png,L
img_1454.png,L
img_1455.png,L
img_1456.png,L
img_1457.png,L
img_1458.png,L
img_1459.png,L
img_1460.png,L
img_1461.png,L
img_1462.png,L
img_1463.png,L
img_1464.png,L
img_1465.png,L
img_1466.png,L
img_1467.png,L
img_1468.png,L
img_1469.png,L
img_1470.png,L
img_1471.png,L
img_1472.png,L
img_1473.png,L
img_1474.png,L
img_1475.png,L
img_1476.png,L
img_1477.png,L
img_1478.png,L
img_1479.png,L
img_1480.png,L
img_1481.png,L
img_1482.png,L
img_1483.png,L
img_1484.png,L
img_1485.png,L
img_1486.png,L
img_1487.png,L
img_1488.png,L
img_1489.png,L
img_1490.png,L
img_1491.png,L
img_1492.png,L
img_1493.png,L
img_1494.png,L
img_1495.png,L
img_1496.png,L
img_1497.png,L
img_1498.png,L
img_1499.png,L
img_1500.png,L
img_1501.png,L
img_1502.png,L
img_1503.png,L
img_1504.png,L
img_1505.png,L
img_1506.png,L
img_1507.png,L
img_1508.png,L
img_1509.png,L
img_1510.png,L
img_1511.png,L
img_1512.png,L
img_1513.png,L
img_1514.png,L
img_1515.png,L
img_1516.png,L
img_1517.png,L
img_1518.png,L
img_1519.png,L
img_1520.png,L
img_1521.png,L
img_1522.png,L
img_1523.png,L
img_1524.png,L
img_1525.png,L
img_1526.png,L
img_1527.png,L
img_1528.png,L
img_1529.png,L
img_1530.png,L
img_1531.png,L
img_1532.png,L
img_1533.png,L
img_1534.png,L
img_1535.png,L
img_1536.png,L
img_1537.png,L
img_1538.png,L
img_1539.png,L
img_1540.png,L
img_1541.png,L
img_1542.png,L
img_1543.png,L
img_1544.png,L
img_1545.png,L
img_1546.png,L
img_1547.png,L
img_1548.png,L
img_1549.png,L
img_1550.png,L
img_1551.png,L
img_1552.png,L
img_1553.png,L
img_1554.png,L
img_1555.png,L
img_1556.png,L
img_1557.png,L
img_1558.png,L
img_1559.png,L
img_1560.png,L
img_1561.png,L
img_1562.png,L
img_1563.png,L
img_1564.png,L
img_1565.png,L
img_1566.png,L
img_1567.png,L
img_1568.png,L
img_1569.png,L
img_1570.png,L
img_1571.png,L
img_1572.png,L
img_1573.png,L
img_1574.png,L
img_1575.png,L
img_1576.png,L
img_1577.png,L
img_1578.png,L
img_1579.png,L
img_1580.png,L
img_1581.png,L
img_1582.png,L
img_1583.png,L
img_1584.png,L
img_1585.png,L
img_1586.png,L
img_1587.png,L
img_1588.png,L
img_1589.png,L
img_1590.png,L
img_1591.png,L
img_1592.png,L
img_1593.png,L
img_1594.png,L
img_1595.png,L
img_1596.png,L
img_1597.png,L
img_1598.png,L
img_1599.png,L
img_1600.png,L
img_1601.png,L
img_1602.png,L
img_1603.png,L
img_1604.png,L
img_1605.png,L
img_1606.png,L
img_1607.png,L
img_1608.png,L
img_1609.png,L
img_1610.png,L
img_1611.png,L
img_1612.png,L
img_1613.png,L
img_1614.png,L
img_1615.png,L
img_1616.png,L
img_1617.png,L
img_1618.png,L
img_1619.png,L
img_1620.png,L
img_1621.png,L
img_1622.png,L
img_1623.png,L
img_1624.png,L
img_1625.png,L
img_1626.png,L
img_1627.png,L
img_1628.png,L
img_1629.png,L
img_1630.png,L
img_1631.png,L
img_1632.png,L
img_1633.png,L
img_1634.png,L
img_1635.png,L
img_1636.png,L
img_1637.png,L
img_1638.png,L
img_1639.png,L
img_1640.png,L
img_1572.png,M
img_1573.png,M
img_1574.png,M
img_1575.png,M
img_1576.png,M
img_1577.png,M
img_1578.png,M
img_1579.png,M
img_1580.png,M
img_1581.png,M
img_1582.png,M
img_1583.png,M
img_1584.png,M
img_1585.png,M
img_1586.png,M
img_1587.png,M
img_1588.png,M
img_1589.png,M
img_1590.png,M
img_1591.png,M
img_1592.png,M
img_1593.png,M
img_1594.png,M
img_1595.png,M
img_1596.png,M
img_1597.png,M
img_1598.png,M
img_1599.png,M
img_1600.png,M
img_1601.png,M
img_1602.png,M
img_1603.png,M
img_1604.png,M
img_1605.png,M
img_1606.png,M
img_1607.png,M
img_1608.png,M
img_1609.png,M
img_1610.png,M
img_1611.png,M
img_1612.png,M
img_1613.png,M
img_1614.png,M
img_1615.png,M
img_1616.png,M
img_1617.png,M
img_1618.png,M
img_1619.png,M
img_1620.png,M
img_1621.png,M
img_1622.png,M
img_1623.png,M
img_1624.png,M
img_1625.png,M
img_1626.png,M
img_1627.png,M
img_1628.png,M
img_1629.png,M
img_1630.png,M
img_1631.png,M
img_1632.png,M
img_1633.png,M
img_1634.png,M
img_1635.png,M
img_1636.png,M
img_1637.png,M
img_1638.png,M
img_1639.png,M
img_1640.png,M
img_1641.png,M
img_1642.png,M
img_1643.png,M
img_1644.png,M
img_1645.png,M
img_1646.png,M
img_1647.png,M
img_1648.png,M
img_1649.png,M
img_1650.png,M
img_1651.png,M
img_1652.png,M
img_1653.png,M
img_1654.png,M
img_1655.png,M
img_1656.png,M
img_1657.png,M
img_1658.png,M
img_1659.png,M
img_1660.png,M
img_1661.png,M
img_1662.png,M
img_1663.png,M
img_1664.png,M
img_1665.png,M
img_1666.png,M
img_1667.png,M
img_1668.png,M
img_1669.png,M
img_1670.png,M
img_1671.png,M
img_1672.png,M
img_1673.png,M
img_1674.png,M
img_1675.png,M
img_1676.png,M
img_1677.png,M
img_1678.png,M
img_1679.png,M
img_1680.png,M
img_1681.png,M
img_1682.png,M
img_1683.png,M
img_1684.png,M
img_1685.png,M
img_1686.png,M
img_1687.png,M
img_1688.png,M
img_1689.png,M
img_1690.png,M
img_1691.png,M
img_1692.png,M
img_1693.png,M
img_1694.png,M
img_1695.png,M
img_1696.png,M
img_1697.png,M
img_1698.png,M
img_1699.png,M
img_1700.png,M
img_1701.png,M
img_1702.png,M
img_1703.png,M
img_1704.png,M
img_1705.png,M
img_1706.png,M
img_1707.png,M
img_1708.png,M
img_1709.png,M
img_1710.png,M
img_1711.png,M
img_1712.png,M
img_1713.png,M
img_1714.png,M
img_1715.png,M
img_1716.png,M
img_1717.png,M
img_1718.png,M
img_1719.png,M
img_1720.png,M
img_1721.png,M
img_1722.png,M
img_1723.png,M
img_1724.png,M
img_1725.png,M
img_1726.png,M
img_1727.png,M
img_1728.png,M
img_1729.png,M
img_1730.png,M
img_1731.png,M
img_1732.png,M
img_1733.png,M
img_1734.png,M
img_1735.png,M
img_1736.png,M
img_1737.png,M
img_1738.png,M
img_1739.png,M
img_1740.png,M
img_1741.png,M
img_1742.png,M
img_1743.png,M
img_1744.png,M
img_1745.png,M
img_1746.png,M
img_1747.png,M
img_1748.png,M
img_1749.png,M
img_1750.png,M
img_1751.png,M
img_1752.png,M
img_1753.png,M
img_1754.png,M
img_1755.png,M
img_1756.png,M
img_1757.png,M
img_1758.png,M
img_1759.png,M
img_1760.png,M
img_1761.png,M
img_1762.png,M
img_1763.png,M
img_1764.png,M
img_1765.png,M
img_1766.png,M
img_1767.png,M
img_1768.png,M
img_1769.png,M
img_1770.png,M
img_1771.png,M
img_1703.png,N
img_1704.png,N
img_1705.png,N
img_1706.png,N
img_1707.png,N
img_1708.png,N
img_1709.png,N
img_1710.png,N
img_1711.png,N
img_1712.png,N
img_1713.png,N
img_1714.png,N
img_1715.png,N
img_1716.png,N
img_1717.png,N
img_1718.png,N
img_1719.png,N
img_1720.png,N
img_1721.png,N
img_1722.png,N
img_1723.png,N
img_1724.png,N
img_1725.png,N
img_1726.png,N
img_1727.png,N
img_1728.png,N
img_1729.png,N
img_1730.png,N
img_1731.png,N
img_1732.png,N
img_1733.png,N
img_1734.png,N
img_1735.png,N
img_1736.png,N
img_1737.png,N
img_1738.png,N
img_1739.png,N
img_1740.png,N
img_1741.png,N
img_1742.png,N
img_1743.png,N
img_1744.png,N
img_1745.png,N
img_1746.png,N
img_1747.png,N
img_1748.png,N
img_1749.png,N
img_1750.png,N
img_1751.png,N
img_1752.png,N
img_1753.png,N
img_1754.png,N
img_1755.png,N
img_1756.png,N
img_1757.png,N
img_1758.png,N
img_1759.png,N
img_1760.png,N
img_1761.png,N
img_1762.png,N
img_1763.png,N
img_1764.png,N
img_1765.png,N
img_1766.png,N
img_1767.png,N
img_1768.png,N
img_1769.png,N
img_1770.png,N
img_1771.png,N
img_1772.png,N
img_1773.png,N
img_1774.png,N
img_1775.png,N
img_1776.png,N
img_1777.png,N
img_1778.png,N
img_1779.png,N
img_1780.png,N
img_1781.png,N
img_1782.png,N
img_1783.png,N
img_1784.png,N
img_1785.png,N
img_1786.png,N
img_1787.png,N
img_1788.png,N
img_1789.png,N
img_1790.png,N
img_1791.png,N
img_1792.png,N
img_1793.png,N
img_1794.png,N
img_1795.png,N
img_1796.png,N
img_1797.png,N
img_1798.png,N
img_1799.png,N
img_1800.png,N
img_1801.png,N
img_1802.png,N
img_1803.png,N
img_1804.png,N
img_1805.png,N
img_1806.png,N
img_1807.png,N
img_1808.png,N
img_1809.png,N
img_1810.png,N
img_1811.png,N
img_1812.png,N
img_1813.png,N
img_1814.png,N
img_1815.png,N
img_1816.png,N
img_1817.png,N
img_1818.png,N
img_1819.png,N
img_1820.png,N
img_1821.png,N
img_1822.png,N
img_1823.png,N
img_1824.png,N
img_1825.png,N
img_1826.png,N
img_1827.png,N
img_1828.png,N
img_1829.png,N
img_1830.png,N
img_1831.png,N
img_1832.png,N
img_1833.png,N
img_1834.png,N
img_1835.png,N
img_1836.png,N
img_1837.png,N
img_1838.png,N
img_1839.png,N
img_1840.png,N
img_1841.png,N
img_1842.png,N
img_1843.png,N
img_1844.png,N
img_1845.png,N
img_1846.png,N
img_1847.png,N
img_1848.png,N
img_1849.png,N
img_1850.png,N
img_1851.png,N
img_1852.png,N
img_1853.png,N
img_1854.png,N
img_1855.png,N
img_1856.png,N
img_1857.png,N
img_1858.png,N
img_1859.png,N
img_1860.png,N
img_1861.png,N
img_1862.png,N
img_1863.png,N
img_1864.png,N
img_1865.png,N
img_1866.png,N
img_1867.png,N
img_1868.png,N
img_1869.png,N
img_1870.png,N
img_1871.png,N
img_1872.png,N
img_1873.png,N
img_1874.png,N
img_1875.png,N
img_1876.png,N
img_1877.png,N
img_1878.png,N
img_1879.png,N
img_1880.png,N
img_1881.png,N
img_1882.png,N
img_1883.png,N
img_1884.png,N
img_1885.png,N
img_1886.png,N
img_1887.png,N
img_1888.png,N
img_1889.png,N
img_1890.png,N
img_1891.png,N
img_1892.png,N
img_1893.png,N
img_1894.png,N
img_1895.png,N
img_1896.png,N
img_1897.png,N
img_1898.png,N
img_1899.png,N
img_1900.png,N
img_1901.png,N
img_1902.png,N
img_1834.png,O
img_1835.png,O
img_1836.png,O
img_1837.png,O
img_1838.png,O
img_1839.png,O
img_1840.png,O
img_1841.png,O
img_1842.png,O
img_1843.png,O
img_1844.png,O
img_1845.png,O
img_1846.png,O
img_1847.png,O
img_1848.png,O
img_1849.png,O
img_1850.png,O
img_1851.png,O
img_1852.png,O
img_1853.png,O
img_1854.png,O
img_1855.png,O
img_1856.png,O
img_1857.png,O
img_1858.png,O
img_1859.png,O
img_1860.png,O
img_1861.png,O
img_1862.png,O
img_1863.png,O
img_1864.png,O
img_1865.png,O
img_1866.png,O
img_1867.png,O
img_1868.png,O
img_1869.png,O
img_1870.png,O
img_1871.png,O
img_1872.png,O
img_1873.png,O
img_1874.png,O
img_1875.png,O
img_1876.png,O
img_1877.png,O
img_1878.png,O
img_1879.png,O
img_1880.png,O
img_1881.png,O
img_1882.png,O
img_1883.png,O
img_1884.png,O
img_1885.png,O
img_1886.png,O
img_1887.png,O
img_1888.png,O
img_1889.png,O
img_1890.png,O
img_1891.png,O
img_1892.png,O
img_1893.png,O
img_1894.png,O
img_1895.png,O
img_1896.png,O
img_1897.png,O
img_1898.png,O
img_1899.png,O
img_1900.png,O
img_1901.png,O
img_1902.png,O
img_1903.png,O
img_1904.png,O
img_1905.png,O
img_1906.png,O
img_1907.png,O
img_1908.png,O
img_1909.png,O
img_1910.png,O
img_1911.png,O
img_1912.png,O
img_1913.png,O
img_1914.png,O
img_1915.png,O
img_1916.png,O
img_1917.png,O
img_1918.png,O
img_1919.png,O
img_1920.png,O
img_1921.png,O
img_1922.png,O
img_1923.png,O
img_1924.png,O
img_1925.png,O
img_1926.png,O
img_1927.png,O
img_1928.png,O
img_1929.png,O
img_1930.png,O
img_1931.png,O
img_1932.png,O
img_1933.png,O
img_1934.png,O
img_1935.png,O
img_1936.png,O
img_1937.png,O
img_1938.png,O
img_1939.png,O
img_1940.png,O
img_1941.png,O
img_1942.png,O
img_1943.png,O
img_1944.png,O
img_1945.png,O
img_1946.png,O
img_1947.png,O
img_1948.png,O
img_1949.png,O
img_1950.png,O
img_1951.png,O
img_1952.png,O
img_1953.png,O
img_1954.png,O
img_1955.png,O
img_1956.png,O
img_1957.png,O
img_1958.png,O
img_1959.png,O
img_1960.png,O
img_1961.png,O
img_1962.png,O
img_1963.png,O
img_1964.png,O
img_1965.png,O
img_1966.png,O
img_1967.png,O
img_1968.png,O
img_1969.png,O
img_1970.png,O
img_1971.png,O
img_1972.png,O
img_1973.png,O
img_1974.png,O
img_1975.png,O
img_1976.png,O
img_1977.png,O
img_1978.png,O
img_1979.png,O
img_1980.png,O
img_1981.png,O
img_1982.png,O
img_1983.png,O
img_1984.png,O
img_1985.png,O
img_1986.png,O
img_1987.png,O
img_1988.png,O
img_1989.png,O
img_1990.png,O
img_1991.png,O
img_1992.png,O
img_1993.png,O
img_1994.png,O
img_1995.png,O
img_1996.png,O
img_1997.png,O
img_1998.png,O
img_1999.png,O
img_2000.png,O
img_2001.png,O
img_2002.png,O
img_2003.png,O
img_2004.png,O
img_2005.png,O
img_2006.png,O
img_2007.png,O
img_2008.png,O
img_2009.png,O
img_2010.png,O
img_2011.png,O
img_2012.png,O
img_2013.png,O
img_2014.png,O
img_2015.png,O
img_2016.png,O
img_2017.png,O
img_2018.png,O
img_2019.png,O
img_2020.png,O
img_2021.png,O
img_2022.png,O
img_2023.png,O
img_2024.png,O
img_2025.png,O
img_2026.png,O
img_2027.png,O
img_2028.png,O
img_2029.png,O
img_2030.png,O
img_2031.png,O
img_2032.png,O
img_2033.png,O
img_1965.png,P
img_1966.png,P
img_1967.png,P
img_1968.png,P
img_1969.png,P
img_1970.png,P
img_1971.png,P
img_1972.png,P
img_1973.png,P
img_1974.png,P
img_1975.png,P
img_1976.png,P
img_1977.png,P
img_1978.png,P
img_1979.png,P
img_1980.png,P
img_1981.png,P
img_1982.png,P
img_1983.png,P
img_1984.png,P
img_1985.png,P
img_1986.png,P
img_1987.png,P
img_1988.png,P
img_1989.png,P
img_1990.png,P
img_1991.png,P
img_1992.png,P
img_1993.png,P
img_1994.png,P
img_1995.png,P
img_1996.png,P
img_1997.png,P
img_1998.png,P
img_1999.png,P
img_2000.png,P
img_2001.png,P
img_2002.png,P
img_2003.png,P
img_2004.png,P
img_2005.png,P
img_2006.png,P
img_2007.png,P
img_2008.png,P
img_2009.png,P
img_2010.png,P
img_2011.png,P
img_2012.png,P
img_2013.png,P
img_2014.png,P
img_2015.png,P
img_2016.png,P
img_2017.png,P
img_2018.png,P
img_2019.png,P
img_2020.png,P
img_2021.png,P
img_2022.png,P
img_2023.png,P
img_2024.png,P
img_2025.png,P
img_2026.png,P
img_2027.png,P
img_2028.png,P
img_2029.png,P
img_2030.png,P
img_2031.png,P
img_2032.png,P
img_2033.png,P
img_2034.png,P
img_2035.png,P
img_2036.png,P
img_2037.png,P
img_2038.png,P
img_2039.png,P
img_2040.png,P
img_2041.png,P
img_2042.png,P
img_2043.png,P
img_2044.png,P
img_2045.png,P
img_2046.png,P
img_2047.png,P
img_2048.png,P
img_2049.png,P
img_2050.png,P
img_2051.png,P
img_2052.png,P
img_2053.png,P
img_2054.png,P
img_2055.png,P
img_2056.png,P
img_2057.png,P
img_2058.png,P
img_2059.png,P
img_2060.png,P
img_2061.png,P
img_2062.png,P
img_2063.png,P
img_2064.png,P
img_2065.png,P
img_2066.png,P
img_2067.png,P
img_2068.png,P
img_2069.png,P
img_2070.png,P
img_2071.png,P
img_2072.png,P
img_2073.png,P
img_2074.png,P
img_2075.png,P
img_2076.png,P
img_2077.png,P
img_2078.png,P
img_2079.png,P
img_2080.png,P
img_2081.png,P
img_2082.png,P
img_2083.png,P
img_2084.png,P
img_2085.png,P
img_2086.png,P
img_2087.png,P
img_2088.png,P
img_2089.png,P
img_2090.png,P
img_2091.png,P
img_2092.png,P
img_2093.png,P
img_2094.png,P
img_2095.png,P
img_2096.png,P
img_2097.png,P
img_2098.png,P
img_2099.png,P
img_2100.png,P
img_2101.png,P
img_2102.png,P
img_2103.png,P
img_2104.png,P
img_2105.png,P
img_2106.png,P
img_2107.png,P
img_2108.png,P
img_2109.png,P
img_2110.png,P
img_2111.png,P
img_2112.png,P
img_2113.png,P
img_2114.png,P
img_2115.png,P
img_2116.png,P
img_2117.png,P
img_2118.png,P
img_2119.png,P
img_2120.png,P
img_2121.png,P
img_2122.png,P
img_2123.png,P
img_2124.png,P
img_2125.png,P
img_2126.png,P
img_2127.png,P
img_2128.png,P
img_2129.png,P
img_2130.png,P
img_2131.png,P
img_2132.png,P
img_2133.png,P
img_2134.png,P
img_2135.png,P
img_2136.png,P
img_2137.png,P
img_2138.png,P
img_2139.png,P
img_2140.png,P
img_2141.png,P
img_2142.png,P
img_2143.png,P
img_2144.png,P
img_2145.png,P
img_2146.png,P
img_2147.png,P
img_2148.png,P
img_2149.png,P
img_2150.png,P
img_2151.png,P
img_2152.png,P
img_2153.png,P
img_2154.png,P
img_2155.png,P
img_2156.png,P
img_2157.png,P
img_2158.png,P
img_2159.png,P
img_2160.png,P
img_2161.png,P
img_2162.png,P
img_2163.png,P
img_2164.png,P
img_2096.png,Q
img_2097.png,Q
img_2098.png,Q
img_2099.png,Q
img_2100.png,Q
img_2101.png,Q
img_2102.png,Q
img_2103.png,Q
img_2104.png,Q
img_2105.png,Q
img_2106.png,Q
img_2107.png,Q
img_2108.png,Q
img_2109.png,Q
img_2110.png,Q
img_2111.png,Q
img_2112.png,Q
img_2113.png,Q
img_2114.png,Q
img_2115.png,Q
img_2116.png,Q
img_2117.png,Q
img_2118.png,Q
img_2119.png,Q
img_2120.png,Q
img_2121.png,Q
img_2122.png,Q
img_2123.png,Q
img_2124.png,Q
img_2125.png,Q
img_2126.png,Q
img_2127.png,Q
img_2128.png,Q
img_2129.png,Q
img_2130.png,Q
img_2131.png,Q
img_2132.png,Q
img_2133.png,Q
img_2134.png,Q
img_2135.png,Q
img_2136.png,Q
img_2137.png,Q
img_2138.png,Q
img_2139.png,Q
img_2140.png,Q
img_2141.png,Q
img_2142.png,Q
img_2143.png,Q
img_2144.png,Q
img_2145.png,Q
img_2146.png,Q
img_2147.png,Q
img_2148.png,Q
img_2149.png,Q
img_2150.png,Q
img_2151.png,Q
img_2152.png,Q
img_2153.png,Q
img_2154.png,Q
img_2155.png,Q
img_2156.png,Q
img_2157.png,Q
img_2158.png,Q
img_2159.png,Q
img_2160.png,Q
img_2161.png,Q
img_2162.png,Q
img_2163.png,Q
img_2164.png,Q
img_2165.png,Q
img_2166.png,Q
img_2167.png,Q
img_2168.png,Q
img_2169.png,Q
img_2170.png,Q
img_2171.png,Q
img_2172.png,Q
img_2173.png,Q
img_2174.png,Q
img_2175.png,Q
img_2176.png,Q
img_2177.png,Q
img_2178.png,Q
img_2179.png,Q
img_2180.png,Q
img_2181.png,Q
img_2182.png,Q
img_2183.png,Q
img_2184.png,Q
img_2185.png,Q
img_2186.png,Q
img_2187.png,Q
img_2188.png,Q
img_2189.png,Q
img_2190.png,Q
img_2191.png,Q
img_2192.png,Q
img_2193.png,Q
img_2194.png,Q
img_2195.png,Q
img_2196.png,Q
img_2197.png,Q
img_2198.png,Q
img_2199.png,Q
img_2200.png,Q
img_2201.png,Q
img_2202.png,Q
img_2203.png,Q
img_2204.png,Q
img_2205.png,Q
img_2206.png,Q
img_2207.png,Q
img_2208.png,Q
img_2209.png,Q
img_2210.png,Q
img_2211.png,Q
img_2212.png,Q
img_2213.png,Q
img_2214.png,Q
img_2215.png,Q
img_2216.png,Q
img_2217.png,Q
img_2218.png,Q
img_2219.png,Q
img_2220.png,Q
img_2221.png,Q
img_2222.png,Q
img_2223.png,Q
img_2224.png,Q
img_2225.png,Q
img_2226.png,Q
img_2227.png,Q
img_2228.png,Q
img_2229.png,Q
img_2230.png,Q
img_2231.png,Q
img_2232.png,Q
img_2233.png,Q
img_2234.png,Q
img_2235.png,Q
img_2236.png,Q
img_2237.png,Q
img_2238.png,Q
img_2239.png,Q
img_2240.png,Q
img_2241.png,Q
img_2242.png,Q
img_2243.png,Q
img_2244.png,Q
img_2245.png,Q
img_2246.png,Q
img_2247.png,Q
img_2248.png,Q
img_2249.png,Q
img_2250.png,Q
img_2251.png,Q
img_2252.png,Q
img_2253.png,Q
img_2254.png,Q
img_2255.png,Q
img_2256.png,Q
img_2257.png,Q
img_2258.png,Q
img_2259.png,Q
img_2260.png,Q
img_2261.png,Q
img_2262.png,Q
img_2263.png,Q
img_2264.png,Q
img_2265.png,Q
img_2266.png,Q
img_2267.png,Q
img_2268.png,Q
img_2269.png,Q
img_2270.png,Q
img_2271.png,Q
img_2272.png,Q
img_2273.png,Q
img_2274.png,Q
img_2275.png,Q
img_2276.png,Q
img_2277.png,Q
img_2278.png,Q
img_2279.png,Q
img_2280.png,Q
img_2281.png,Q
img_2282.png,Q
img_2283.png,Q
img_2284.png,Q
img_2285.png,Q
img_2286.png,Q
img_2287.png,Q
img_2288.png,Q
img_2289.png,Q
img_2290.png,Q
img_2291.png,Q
img_2292.png,Q
img_2293.png,Q
img_2294.png,Q
img_2295.png,Q
