File ID,Group ID
img_0000.png,1
img_0001.png,1
img_0002.png,1
img_0003.png,1
img_0004.png,1
img_0005.png,1
img_0006.png,1
img_0007.png,1
img_0008.png,1
img_0009.png,1
img_0010.png,1
img_0011.png,1
img_0012.png,1
img_0013.png,1
img_0014.png,1
img_0015.png,1
img_0016.png,1
img_0017.png,1
img_0018.png,1
img_0019.png,1
img_0020.png,1
img_0021.png,1
img_0022.png,1
img_0023.png,1
img_0024.png,1
img_0025.png,1
img_0026.png,1
img_0027.png,1
img_0028.png,1
img_0029.png,1
img_0030.png,1
img_0031.png,1
img_0032.png,1
img_0033.png,1
img_0034.png,1
img_0035.png,1
img_0036.png,1
img_0037.png,1
img_0038.png,1
img_0039.png,1
img_0040.png,1
img_0041.png,1
img_0042.png,1
img_0043.png,1
img_0044.png,1
img_0045.png,1
img_0046.png,1
img_0047.png,1
img_0048.png,1
img_0049.png,1
img_0050.png,1
img_0051.png,1
img_0052.png,1
img_0053.png,1
img_0054.png,1
img_0055.png,1
img_0056.png,1
img_0057.png,1
img_0058.png,1
img_0059.png,1
img_0060.png,1
img_0061.png,1
img_0062.png,1
img_0063.png,1
img_0064.png,1
img_0065.png,1
img_0066.png,1
img_0067.png,1
img_0068.png,1
img_0069.png,1
img_0070.png,1
img_0071.png,1
img_0072.png,1
img_0073.png,1
img_0074.png,1
img_0075.png,1
img_0076.png,1
img_0077.png,1
img_0078.png,1
img_0079.png,1
img_0080.png,1
img_0081.png,1
img_0082.png,1
img_0083.png,1
img_0084.png,1
img_0085.png,1
img_0086.png,1
img_0087.png,1
img_0088.png,1
img_0089.png,1
img_0090.png,1
img_0091.png,1
img_0092.png,1
img_0093.png,1
img_0094.png,1
img_0095.png,1
img_0096.png,1
img_0097.png,1
img_0098.png,1
img_0099.png,1
img_0060.png,2
img_0061.png,2
img_0062.png,2
img_0063.png,2
img_0064.png,2
img_0065.png,2
img_0066.png,2
img_0067.png,2
img_0068.png,2
img_0069.png,2
img_0070.png,2
img_0071.png,2
img_0072.png,2
img_0073.png,2
img_0074.png,2
img_0075.png,2
img_0076.png,2
img_0077.png,2
img_0078.png,2
img_0079.png,2
img_0080.png,2
img_0081.png,2
img_0082.png,2
img_0083.png,2
img_0084.png,2
img_0085.png,2
img_0086.png,2
img_0087.png,2
img_0088.png,2
img_0089.png,2
img_0090.png,2
img_0091.png,2
img_0092.png,2
img_0093.png,2
img_0094.png,2
img_0095.png,2
img_0096.png,2
img_0097.png,2
img_0098.png,2
img_0099.png,2
img_0100.png,2
img_0101.png,2
img_0102.png,2
img_0103.png,2
img_0104.png,2
img_0105.png,2
img_0106.png,2
img_0107.png,2
img_0108.png,2
img_0109.png,2
img_0110.png,2
img_0111.png,2
img_0112.png,2
img_0113.png,2
img_0114.png,2
img_0115.png,2
img_0116.png,2
img_0117.png,2
img_0118.png,2
img_0119.png,2
img_0120.png,2
img_0121.png,2
img_0122.png,2
img_0123.png,2
img_0124.png,2
img_0125.png,2
img_0126.png,2
img_0127.png,2
img_0128.png,2
img_0129.png,2
img_0130.png,2
img_0131.png,2
img_0132.png,2
img_0133.png,2
img_0134.png,2
img_0135.png,2
img_0136.png,2
img_0137.png,2
img_0138.png,2
img_0139.png,2
img_0140.png,2
img_0141.png,2
img_0142.png,2
img_0143.png,2
img_0144.png,2
img_0145.png,2
img_0146.png,2
img_0147.png,2
img_0148.png,2
img_0149.png,2
img_0150.png,2
img_0151.png,2
img_0152.png,2
img_0153.png,2
img_0154.png,2
img_0155.png,2
img_0156.png,2
img_0157.png,2
img_0158.png,2
img_0159.png,2
img_0120.png,3
img_0121.png,3
img_0122.png,3
img_0123.png,3
img_0124.png,3
img_0125.png,3
img_0126.png,3
img_0127.png,3
img_0128.png,3
img_0129.png,3
img_0130.png,3
img_0131.png,3
img_0132.png,3
img_0133.png,3
img_0134.png,3
img_0135.png,3
img_0136.png,3
img_0137.png,3
img_0138.png,3
img_0139.png,3
img_0140.png,3
img_0141.png,3
img_0142.png,3
img_0143.png,3
img_0144.png,3
img_0145.png,3
img_0146.png,3
img_0147.png,3
img_0148.png,3
img_0149.png,3
img_0150.png,3
img_0151.png,3
img_0152.png,3
img_0153.png,3
img_0154.png,3
img_0155.png,3
img_0156.png,3
img_0157.png,3
img_0158.png,3
img_0159.png,3
img_0160.png,3
img_0161.png,3
img_0162.png,3
img_0163.png,3
img_0164.png,3
img_0165.png,3
img_0166.png,3
img_0167.png,3
img_0168.png,3
img_0169.png,3
img_0170.png,3
img_0171.png,3
img_0172.png,3
img_0173.png,3
img_0174.png,3
img_0175.png,3
img_0176.png,3
img_0177.png,3
img_0178.png,3
img_0179.png,3
img_0180.png,3
img_0181.png,3
img_0182.png,3
img_0183.png,3
img_0184.png,3
img_0185.png,3
img_0186.png,3
img_0187.png,3
img_0188.png,3
img_0189.png,3
img_0190.png,3
img_0191.png,3
img_0192.png,3
img_0193.png,3
img_0194.png,3
img_0195.png,3
img_0196.png,3
img_0197.png,3
img_0198.png,3
img_0199.png,3
img_0200.png,3
img_0201.png,3
img_0202.png,3
img_0203.png,3
img_0204.png,3
img_0205.png,3
img_0206.png,3
img_0207.png,3
img_0208.png,3
img_0209.png,3
img_0210.png,3
img_0211.png,3
img_0212.png,3
img_0213.png,3
img_0214.png,3
img_0215.png,3
img_0216.png,3
img_0217.png,3
img_0218.png,3
img_0219.png,3
img_0180.png,4
img_0181.png,4
img_0182.png,4
img_0183.png,4
img_0184.png,4
img_0185.png,4
img_0186.png,4
img_0187.png,4
img_0188.png,4
img_0189.png,4
img_0190.png,4
img_0191.png,4
img_0192.png,4
img_0193.png,4
img_0194.png,4
img_0195.png,4
img_0196.png,4
img_0197.png,4
img_0198.png,4
img_0199.png,4
img_0200.png,4
img_0201.png,4
img_0202.png,4
img_0203.png,4
img_0204.png,4
img_0205.png,4
img_0206.png,4
img_0207.png,4
img_0208.png,4
img_0209.png,4
img_0210.png,4
img_0211.png,4
img_0212.png,4
img_0213.png,4
img_0214.png,4
img_0215.png,4
img_0216.png,4
img_0217.png,4
img_0218.png,4
img_0219.png,4
img_0220.png,4
img_0221.png,4
img_0222.png,4
img_0223.png,4
img_0224.png,4
img_0225.png,4
img_0226.png,4
img_0227.png,4
img_0228.png,4
img_0229.png,4
img_0230.png,4
img_0231.png,4
img_0232.png,4
img_0233.png,4
img_0234.png,4
img_0235.png,4
img_0236.png,4
img_0237.png,4
img_0238.png,4
img_0239.png,4
img_0240.png,4
img_0241.png,4
img_0242.png,4
img_0243.png,4
img_0244.png,4
img_0245.png,4
img_0246.png,4
img_0247.png,4
img_0248.png,4
img_0249.png,4
img_0250.png,4
img_0251.png,4
img_0252.png,4
img_0253.png,4
img_0254.png,4
img_0255.png,4
img_0256.png,4
img_0257.png,4
img_0258.png,4
img_0259.png,4
img_0260.png,4
img_0261.png,4
img_0262.png,4
img_0263.png,4
img_0264.png,4
img_0265.png,4
img_0266.png,4
img_0267.png,4
img_0268.png,4
img_0269.png,4
img_0270.png,4
img_0271.png,4
img_0272.png,4
img_0273.png,4
img_0274.png,4
img_0275.png,4
img_0276.png,4
img_0277.png,4
img_0278.png,4
img_0279.png,4
img_0240.png,5
img_0241.png,5
img_0242.png,5
img_0243.png,5
img_0244.png,5
img_0245.png,5
img_0246.png,5
img_0247.png,5
img_0248.png,5
img_0249.png,5
img_0250.png,5
img_0251.png,5
img_0252.png,5
img_0253.png,5
img_0254.png,5
img_0255.png,5
img_0256.png,5
img_0257.png,5
img_0258.png,5
img_0259.png,5
img_0260.png,5
img_0261.png,5
img_0262.png,5
img_0263.png,5
img_0264.png,5
img_0265.png,5
img_0266.png,5
img_0267.png,5
img_0268.png,5
img_0269.png,5
img_0270.png,5
img_0271.png,5
img_0272.png,5
img_0273.png,5
img_0274.png,5
img_0275.png,5
img_0276.png,5
img_0277.png,5
img_0278.png,5
img_0279.png,5
img_0280.png,5
img_0281.png,5
img_0282.png,5
img_0283.png,5
img_0284.png,5
img_0285.png,5
img_0286.png,5
img_0287.png,5
img_0288.png,5
img_0289.png,5
img_0290.png,5
img_0291.png,5
img_0292.png,5
img_0293.png,5
img_0294.png,5
img_0295.png,5
img_0296.png,5
img_0297.png,5
img_0298.png,5
img_0299.png,5
img_0300.png,5
img_0301.png,5
img_0302.png,5
img_0303.png,5
img_0304.png,5
img_0305.png,5
img_0306.png,5
img_0307.png,5
img_0308.png,5
img_0309.png,5
img_0310.png,5
img_0311.png,5
img_0312.png,5
img_0313.png,5
img_0314.png,5
img_0315.png,5
img_0316.png,5
img_0317.png,5
img_0318.png,5
img_0319.png,5
img_0320.png,5
img_0321.png,5
img_0322.png,5
img_0323.png,5
img_0324.png,5
img_0325.png,5
img_0326.png,5
img_0327.png,5
img_0328.png,5
img_0329.png,5
img_0330.png,5
img_0331.png,5
img_0332.png,5
img_0333.png,5
img_0334.png,5
img_0335.png,5
img_0336.png,5
img_0337.png,5
img_0338.png,5
img_0339.png,5
img_0300.png,6
img_0301.png,6
img_0302.png,6
img_0303.png,6
img_0304.png,6
img_0305.png,6
img_0306.png,6
img_0307.png,6
img_0308.png,6
img_0309.png,6
img_0310.png,6
img_0311.png,6
img_0312.png,6
img_0313.png,6
img_0314.png,6
img_0315.png,6
img_0316.png,6
img_0317.png,6
img_0318.png,6
img_0319.png,6
img_0320.png,6
img_0321.png,6
img_0322.png,6
img_0323.png,6
img_0324.png,6
img_0325.png,6
img_0326.png,6
img_0327.png,6
img_0328.png,6
img_0329.png,6
img_0330.png,6
img_0331.png,6
img_0332.png,6
img_0333.png,6
img_0334.png,6
img_0335.png,6
img_0336.png,6
img_0337.png,6
img_0338.png,6
img_0339.png,6
img_0340.png,6
img_0341.png,6
img_0342.png,6
img_0343.png,6
img_0344.png,6
img_0345.png,6
img_0346.png,6
img_0347.png,6
img_0348.png,6
img_0349.png,6
img_0350.png,6
img_0351.png,6
img_0352.png,6
img_0353.png,6
img_0354.png,6
img_0355.png,6
img_0356.png,6
img_0357.png,6
img_0358.png,6
img_0359.png,6
img_0360.png,6
img_0361.png,6
img_0362.png,6
img_0363.png,6
img_0364.png,6
img_0365.png,6
img_0366.png,6
img_0367.png,6
img_0368.png,6
img_0369.png,6
img_0370.png,6
img_0371.png,6
img_0372.png,6
img_0373.png,6
img_0374.png,6
img_0375.png,6
img_0376.png,6
img_0377.png,6
img_0378.png,6
img_0379.png,6
img_0380.png,6
img_0381.png,6
img_0382.png,6
img_0383.png,6
img_0384.png,6
img_0385.png,6
img_0386.png,6
img_0387.png,6
img_0388.png,6
img_0389.png,6
img_0390.png,6
img_0391.png,6
img_0392.png,6
img_0393.png,6
img_0394.png,6
img_0395.png,6
img_0396.png,6
img_0397.png,6
img_0398.png,6
img_0399.png,6
img_0360.png,7
img_0361.png,7
img_0362.png,7
img_0363.png,7
img_0364.png,7
img_0365.png,7
img_0366.png,7
img_0367.png,7
img_0368.png,7
img_0369.png,7
img_0370.png,7
img_0371.png,7
img_0372.png,7
img_0373.png,7
img_0374.png,7
img_0375.png,7
img_0376.png,7
img_0377.png,7
img_0378.png,7
img_0379.png,7
img_0380.png,7
img_0381.png,7
img_0382.png,7
img_0383.png,7
img_0384.png,7
img_0385.png,7
img_0386.png,7
img_0387.png,7
img_0388.png,7
img_0389.png,7
img_0390.png,7
img_0391.png,7
img_0392.png,7
img_0393.png,7
img_0394.png,7
img_0395.png,7
img_0396.png,7
img_0397.png,7
img_0398.png,7
img_0399.png,7
img_0400.png,7
img_0401.png,7
img_0402.png,7
img_0403.png,7
img_0404.png,7
img_0405.png,7
img_0406.png,7
img_0407.png,7
img_0408.png,7
img_0409.png,7
img_0410.png,7
img_0411.png,7
img_0412.png,7
img_0413.png,7
img_0414.png,7
img_0415.png,7
img_0416.png,7
img_0417.png,7
img_0418.png,7
img_0419.png,7
img_0420.png,7
img_0421.png,7
img_0422.png,7
img_0423.png,7
img_0424.png,7
img_0425.png,7
img_0426.png,7
img_0427.png,7
img_0428.png,7
img_0429.png,7
img_0430.png,7
img_0431.png,7
img_0432.png,7
img_0433.png,7
img_0434.png,7
img_0435.png,7
img_0436.png,7
img_0437.png,7
img_0438.png,7
img_0439.png,7
img_0440.png,7
img_0441.png,7
img_0442.png,7
img_0443.png,7
img_0444.png,7
img_0445.png,7
img_0446.png,7
img_0447.png,7
img_0448.png,7
img_0449.png,7
img_0450.png,7
img_0451.png,7
img_0452.png,7
img_0453.png,7
img_0454.png,7
img_0455.png,7
img_0456.png,7
img_0457.png,7
img_0458.png,7
img_0459.png,7
img_0420.png,8
img_0421.png,8
img_0422.png,8
img_0423.png,8
img_0424.png,8
img_0425.png,8
img_0426.png,8
img_0427.png,8
img_0428.png,8
img_0429.png,8
img_0430.png,8
img_0431.png,8
img_0432.png,8
img_0433.png,8
img_0434.png,8
img_0435.png,8
img_0436.png,8
img_0437.png,8
img_0438.png,8
img_0439.png,8
img_0440.png,8
img_0441.png,8
img_0442.png,8
img_0443.png,8
img_0444.png,8
img_0445.png,8
img_0446.png,8
img_0447.png,8
img_0448.png,8
img_0449.png,8
img_0450.png,8
img_0451.png,8
img_0452.png,8
img_0453.png,8
img_0454.png,8
img_0455.png,8
img_0456.png,8
img_0457.png,8
img_0458.png,8
img_0459.png,8
img_0460.png,8
img_0461.png,8
img_0462.png,8
img_0463.png,8
img_0464.png,8
img_0465.png,8
img_0466.png,8
img_0467.png,8
img_0468.png,8
img_0469.png,8
img_0470.png,8
img_0471.png,8
img_0472.png,8
img_0473.png,8
img_0474.png,8
img_0475.png,8
img_0476.png,8
img_0477.png,8
img_0478.png,8
img_0479.png,8
img_0480.png,8
img_0481.png,8
img_0482.png,8
img_0483.png,8
img_0484.png,8
img_0485.png,8
img_0486.png,8
img_0487.png,8
img_0488.png,8
img_0489.png,8
img_0490.png,8
img_0491.png,8
img_0492.png,8
img_0493.png,8
img_0494.png,8
img_0495.png,8
img_0496.png,8
img_0497.png,8
img_0498.png,8
img_0499.png,8
img_0500.png,8
img_0501.png,8
img_0502.png,8
img_0503.png,8
img_0504.png,8
img_0505.png,8
img_0506.png,8
img_0507.png,8
img_0508.png,8
img_0509.png,8
img_0510.png,8
img_0511.png,8
img_0512.png,8
img_0513.png,8
img_0514.png,8
img_0515.png,8
img_0516.png,8
img_0517.png,8
img_0518.png,8
img_0519.png,8
img_0480.png,9
img_0481.png,9
img_0482.png,9
img_0483.png,9
img_0484.png,9
img_0485.png,9
img_0486.png,9
img_0487.png,9
img_0488.png,9
img_0489.png,9
img_0490.png,9
img_0491.png,9
img_0492.png,9
img_0493.png,9
img_0494.png,9
img_0495.png,9
img_0496.png,9
img_0497.png,9
img_0498.png,9
img_0499.png,9
img_0500.png,9
img_0501.png,9
img_0502.png,9
img_0503.png,9
img_0504.png,9
img_0505.png,9
img_0506.png,9
img_0507.png,9
img_0508.png,9
img_0509.png,9
img_0510.png,9
img_0511.png,9
img_0512.png,9
img_0513.png,9
img_0514.png,9
img_0515.png,9
img_0516.png,9
img_0517.png,9
img_0518.png,9
img_0519.png,9
img_0520.png,9
img_0521.png,9
img_0522.png,9
img_0523.png,9
img_0524.png,9
img_0525.png,9
img_0526.png,9
img_0527.png,9
img_0528.png,9
img_0529.png,9
img_0530.png,9
img_0531.png,9
img_0532.png,9
img_0533.png,9
img_0534.png,9
img_0535.png,9
img_0536.png,9
img_0537.png,9
img_0538.png,9
img_0539.png,9
img_0540.png,9
img_0541.png,9
img_0542.png,9
img_0543.png,9
img_0544.png,9
img_0545.png,9
img_0546.png,9
img_0547.png,9
img_0548.png,9
img_0549.png,9
img_0550.png,9
img_0551.png,9
img_0552.png,9
img_0553.png,9
img_0554.png,9
img_0555.png,9
img_0556.png,9
img_0557.png,9
img_0558.png,9
img_0559.png,9
img_0560.png,9
img_0561.png,9
img_0562.png,9
img_0563.png,9
img_0564.png,9
img_0565.png,9
img_0566.png,9
img_0567.png,9
img_0568.png,9
img_0569.png,9
img_0570.png,9
img_0571.png,9
img_0572.png,9
img_0573.png,9
img_0574.png,9
img_0575.png,9
img_0576.png,9
img_0577.png,9
img_0578.png,9
img_0579.png,9
img_0540.png,10
img_0541.png,10
img_0542.png,10
img_0543.png,10
img_0544.png,10
img_0545.png,10
img_0546.png,10
img_0547.png,10
img_0548.png,10
img_0549.png,10
img_0550.png,10
img_0551.png,10
img_0552.png,10
img_0553.png,10
img_0554.png,10
img_0555.png,10
img_0556.png,10
img_0557.png,10
img_0558.png,10
img_0559.png,10
img_0560.png,10
img_0561.png,10
img_0562.png,10
img_0563.png,10
img_0564.png,10
img_0565.png,10
img_0566.png,10
img_0567.png,10
img_0568.png,10
img_0569.png,10
img_0570.png,10
img_0571.png,10
img_0572.png,10
img_0573.png,10
img_0574.png,10
img_0575.png,10
img_0576.png,10
img_0577.png,10
img_0578.png,10
img_0579.png,10
img_0580.png,10
img_0581.png,10
img_0582.png,10
img_0583.png,10
img_0584.png,10
img_0585.png,10
img_0586.png,10
img_0587.png,10
img_0588.png,10
img_0589.png,10
img_0590.png,10
img_0591.png,10
img_0592.png,10
img_0593.png,10
img_0594.png,10
img_0595.png,10
img_0596.png,10
img_0597.png,10
img_0598.png,10
img_0599.png,10
img_0600.png,10
img_0601.png,10
img_0602.png,10
img_0603.png,10
img_0604.png,10
img_0605.png,10
img_0606.png,10
img_0607.png,10
img_0608.png,10
img_0609.png,10
img_0610.png,10
img_0611.png,10
img_0612.png,10
img_0613.png,10
img_0614.png,10
img_0615.png,10
img_0616.png,10
img_0617.png,10
img_0618.png,10
img_0619.png,10
img_0620.png,10
img_0621.png,10
img_0622.png,10
img_0623.png,10
img_0624.png,10
img_0625.png,10
img_0626.png,10
img_0627.png,10
img_0628.png,10
img_0629.png,10
img_0630.png,10
img_0631.png,10
img_0632.png,10
img_0633.png,10
img_0634.png,10
img_0635.png,10
img_0636.png,10
img_0637.png,10
img_0638.png,10
img_0639.png,10
img_0600.png,11
img_0601.png,11
img_0602.png,11
img_0603.png,11
img_0604.png,11
img_0605.png,11
img_0606.png,11
img_0607.png,11
img_0608.png,11
img_0609.png,11
img_0610.png,11
img_0611.png,11
img_0612.png,11
img_0613.png,11
img_0614.png,11
img_0615.png,11
img_0616.png,11
img_0617.png,11
img_0618.png,11
img_0619.png,11
img_0620.png,11
img_0621.png,11
img_0622.png,11
img_0623.png,11
img_0624.png,11
img_0625.png,11
img_0626.png,11
img_0627.png,11
img_0628.png,11
img_0629.png,11
img_0630.png,11
img_0631.png,11
img_0632.png,11
img_0633.png,11
img_0634.png,11
img_0635.png,11
img_0636.png,11
img_0637.png,11
img_0638.png,11
img_0639.png,11
img_0640.png,11
img_0641.png,11
img_0642.png,11
img_0643.png,11
img_0644.png,11
img_0645.png,11
img_0646.png,11
img_0647.png,11
img_0648.png,11
img_0649.png,11
img_0650.png,11
img_0651.png,11
img_0652.png,11
img_0653.png,11
img_0654.png,11
img_0655.png,11
img_0656.png,11
img_0657.png,11
img_0658.png,11
img_0659.png,11
img_0660.png,11
img_0661.png,11
img_0662.png,11
img_0663.png,11
img_0664.png,11
img_0665.png,11
img_0666.png,11
img_0667.png,11
img_0668.png,11
img_0669.png,11
img_0670.png,11
img_0671.png,11
img_0672.png,11
img_0673.png,11
img_0674.png,11
img_0675.png,11
img_0676.png,11
img_0677.png,11
img_0678.png,11
img_0679.png,11
img_0680.png,11
img_0681.png,11
img_0682.png,11
img_0683.png,11
img_0684.png,11
img_0685.png,11
img_0686.png,11
img_0687.png,11
img_0688.png,11
img_0689.png,11
img_0690.png,11
img_0691.png,11
img_0692.png,11
img_0693.png,11
img_0694.png,11
img_0695.png,11
img_0696.png,11
img_0697.png,11
img_0698.png,11
img_0699.png,11
img_0660.png,12
img_0661.png,12
img_0662.png,12
img_0663.png,12
img_0664.png,12
img_0665.png,12
img_0666.png,12
img_0667.png,12
img_0668.png,12
img_0669.png,12
img_0670.png,12
img_0671.png,12
img_0672.png,12
img_0673.png,12
img_0674.png,12
img_0675.png,12
img_0676.png,12
img_0677.png,12
img_0678.png,12
img_0679.png,12
img_0680.png,12
img_0681.png,12
img_0682.png,12
img_0683.png,12
img_0684.png,12
img_0685.png,12
img_0686.png,12
img_0687.png,12
img_0688.png,12
img_0689.png,12
img_0690.png,12
img_0691.png,12
img_0692.png,12
img_0693.png,12
img_0694.png,12
img_0695.png,12
img_0696.png,12
img_0697.png,12
img_0698.png,12
img_0699.png,12
img_0700.png,12
img_0701.png,12
img_0702.png,12
img_0703.png,12
img_0704.png,12
img_0705.png,12
img_0706.png,12
img_0707.png,12
img_0708.png,12
img_0709.png,12
img_0710.png,12
img_0711.png,12
img_0712.png,12
img_0713.png,12
img_0714.png,12
img_0715.png,12
img_0716.png,12
img_0717.png,12
img_0718.png,12
img_0719.png,12
img_0720.png,12
img_0721.png,12
img_0722.png,12
img_0723.png,12
img_0724.png,12
img_0725.png,12
img_0726.png,12
img_0727.png,12
img_0728.png,12
img_0729.png,12
img_0730.png,12
img_0731.png,12
img_0732.png,12
img_0733.png,12
img_0734.png,12
img_0735.png,12
img_0736.png,12
img_0737.png,12
img_0738.png,12
img_0739.png,12
img_0740.png,12
img_0741.png,12
img_0742.png,12
img_0743.png,12
img_0744.png,12
img_0745.png,12
img_0746.png,12
img_0747.png,12
img_0748.png,12
img_0749.png,12
img_0750.png,12
img_0751.png,12
img_0752.png,12
img_0753.png,12
img_0754.png,12
img_0755.png,12
img_0756.png,12
img_0757.png,12
img_0758.png,12
img_0759.png,12
img_0720.png,13
img_0721.png,13
img_0722.png,13
img_0723.png,13
img_0724.png,13
img_0725.png,13
img_0726.png,13
img_0727.png,13
img_0728.png,13
img_0729.png,13
img_0730.png,13
img_0731.png,13
img_0732.png,13
img_0733.png,13
img_0734.png,13
img_0735.png,13
img_0736.png,13
img_0737.png,13
img_0738.png,13
img_0739.png,13
img_0740.png,13
img_0741.png,13
img_0742.png,13
img_0743.png,13
img_0744.png,13
img_0745.png,13
img_0746.png,13
img_0747.png,13
img_0748.png,13
img_0749.png,13
img_0750.png,13
img_0751.png,13
img_0752.png,13
img_0753.png,13
img_0754.png,13
img_0755.png,13
img_0756.png,13
img_0757.png,13
img_0758.png,13
img_0759.png,13
img_0760.png,13
img_0761.png,13
img_0762.png,13
img_0763.png,13
img_0764.png,13
img_0765.png,13
img_0766.png,13
img_0767.png,13
img_0768.png,13
img_0769.png,13
img_0770.png,13
img_0771.png,13
img_0772.png,13
img_0773.png,13
img_0774.png,13
img_0775.png,13
img_0776.png,13
img_0777.png,13
img_0778.png,13
img_0779.png,13
img_0780.png,13
img_0781.png,13
img_0782.png,13
img_0783.png,13
img_0784.png,13
img_0785.png,13
img_0786.png,13
img_0787.png,13
img_0788.png,13
img_0789.png,13
img_0790.png,13
img_0791.png,13
img_0792.png,13
img_0793.png,13
img_0794.png,13
img_0795.png,13
img_0796.png,13
img_0797.png,13
img_0798.png,13
img_0799.png,13
img_0800.png,13
img_0801.png,13
img_0802.png,13
img_0803.png,13
img_0804.png,13
img_0805.png,13
img_0806.png,13
img_0807.png,13
img_0808.png,13
img_0809.png,13
img_0810.png,13
img_0811.png,13
img_0812.png,13
img_0813.png,13
img_0814.png,13
img_0815.png,13
img_0816.png,13
img_0817.png,13
img_0818.png,13
img_0819.png,13
img_0780.png,14
img_0781.png,14
img_0782.png,14
img_0783.png,14
img_0784.png,14
img_0785.png,14
img_0786.png,14
img_0787.png,14
img_0788.png,14
img_0789.png,14
img_0790.png,14
img_0791.png,14
img_0792.png,14
img_0793.png,14
img_0794.png,14
img_0795.png,14
img_0796.png,14
img_0797.png,14
img_0798.png,14
img_0799.png,14
img_0800.png,14
img_0801.png,14
img_0802.png,14
img_0803.png,14
img_0804.png,14
img_0805.png,14
img_0806.png,14
img_0807.png,14
img_0808.png,14
img_0809.png,14
img_0810.png,14
img_0811.png,14
img_0812.png,14
img_0813.png,14
img_0814.png,14
img_0815.png,14
img_0816.png,14
img_0817.png,14
img_0818.png,14
img_0819.png,14
img_0820.png,14
img_0821.png,14
img_0822.png,14
img_0823.png,14
img_0824.png,14
img_0825.png,14
img_0826.png,14
img_0827.png,14
img_0828.png,14
img_0829.png,14
img_0830.png,14
img_0831.png,14
img_0832.png,14
img_0833.png,14
img_0834.png,14
img_0835.png,14
img_0836.png,14
img_0837.png,14
img_0838.png,14
img_0839.png,14
img_0840.png,14
img_0841.png,14
img_0842.png,14
img_0843.png,14
img_0844.png,14
img_0845.png,14
img_0846.png,14
img_0847.png,14
img_0848.png,14
img_0849.png,14
img_0850.png,14
img_0851.png,14
img_0852.png,14
img_0853.png,14
img_0854.png,14
img_0855.png,14
img_0856.png,14
img_0857.png,14
img_0858.png,14
img_0859.png,14
img_0860.png,14
img_0861.png,14
img_0862.png,14
img_0863.png,14
img_0864.png,14
img_0865.png,14
img_0866.png,14
img_0867.png,14
img_0868.png,14
img_0869.png,14
img_0870.png,14
img_0871.png,14
img_0872.png,14
img_0873.png,14
img_0874.png,14
img_0875.png,14
img_0876.png,14
img_0877.png,14
img_0878.png,14
img_0879.png,14
img_0840.png,15
img_0841.png,15
img_0842.png,15
img_0843.png,15
img_0844.png,15
img_0845.png,15
img_0846.png,15
img_0847.png,15
img_0848.png,15
img_0849.png,15
img_0850.png,15
img_0851.png,15
img_0852.png,15
img_0853.png,15
img_0854.png,15
img_0855.png,15
img_0856.png,15
img_0857.png,15
img_0858.png,15
img_0859.png,15
img_0860.png,15
img_0861.png,15
img_0862.png,15
img_0863.png,15
img_0864.png,15
img_0865.png,15
img_0866.png,15
img_0867.png,15
img_0868.png,15
img_0869.png,15
img_0870.png,15
img_0871.png,15
img_0872.png,15
img_0873.png,15
img_0874.png,15
img_0875.png,15
img_0876.png,15
img_0877.png,15
img_0878.png,15
img_0879.png,15
img_0880.png,15
img_0881.png,15
img_0882.png,15
img_0883.png,15
img_0884.png,15
img_0885.png,15
img_0886.png,15
img_0887.png,15
img_0888.png,15
img_0889.png,15
img_0890.png,15
img_0891.png,15
img_0892.png,15
img_0893.png,15
img_0894.png,15
img_0895.png,15
img_0896.png,15
img_0897.png,15
img_0898.png,15
img_0899.png,15
img_0900.png,15
img_0901.png,15
img_0902.png,15
img_0903.png,15
img_0904.png,15
img_0905.png,15
img_0906.png,15
img_0907.png,15
img_0908.png,15
img_0909.png,15
img_0910.png,15
img_0911.png,15
img_0912.png,15
img_0913.png,15
img_0914.png,15
img_0915.png,15
img_0916.png,15
img_0917.png,15
img_0918.png,15
img_0919.png,15
img_0920.png,15
img_0921.png,15
img_0922.png,15
img_0923.png,15
img_0924.png,15
img_0925.png,15
img_0926.png,15
img_0927.png,15
img_0928.png,15
img_0929.png,15
img_0930.png,15
img_0931.png,15
img_0932.png,15
img_0933.png,15
img_0934.png,15
img_0935.png,15
img_0936.png,15
img_0937.png,15
img_0938.png,15
img_0939.png,15
img_0900.png,16
img_0901.png,16
img_0902.png,16
img_0903.png,16
img_0904.png,16
img_0905.png,16
img_0906.png,16
img_0907.png,16
img_0908.png,16
img_0909.png,16
img_0910.png,16
img_0911.png,16
img_0912.png,16
img_0913.png,16
img_0914.png,16
img_0915.png,16
img_0916.png,16
img_0917.png,16
img_0918.png,16
img_0919.png,16
img_0920.png,16
img_0921.png,16
img_0922.png,16
img_0923.png,16
img_0924.png,16
img_0925.png,16
img_0926.png,16
img_0927.png,16
img_0928.png,16
img_0929.png,16
img_0930.png,16
img_0931.png,16
img_0932.png,16
img_0933.png,16
img_0934.png,16
img_0935.png,16
img_0936.png,16
img_0937.png,16
img_0938.png,16
img_0939.png,16
img_0940.png,16
img_0941.png,16
img_0942.png,16
img_0943.png,16
img_0944.png,16
img_0945.png,16
img_0946.png,16
img_0947.png,16
img_0948.png,16
img_0949.png,16
img_0950.png,16
img_0951.png,16
img_0952.png,16
img_0953.png,16
img_0954.png,16
img_0955.png,16
img_0956.png,16
img_0957.png,16
img_0958.png,16
img_0959.png,16
img_0960.png,16
img_0961.png,16
img_0962.png,16
img_0963.png,16
img_0964.png,16
img_0965.png,16
img_0966.png,16
img_0967.png,16
img_0968.png,16
img_0969.png,16
img_0970.png,16
img_0971.png,16
img_0972.png,16
img_0973.png,16
img_0974.png,16
img_0975.png,16
img_0976.png,16
img_0977.png,16
img_0978.png,16
img_0979.png,16
img_0980.png,16
img_0981.png,16
img_0982.png,16
img_0983.png,16
img_0984.png,16
img_0985.png,16
img_0986.png,16
img_0987.png,16
img_0988.png,16
img_0989.png,16
img_0990.png,16
img_0991.png,16
img_0992.png,16
img_0993.png,16
img_0994.png,16
img_0995.png,16
img_0996.png,16
img_0997.png,16
img_0998.png,16
img_0999.png,16
img_0966.png,17
img_0967.png,17
img_0968.png,17
img_0969.png,17
img_0970.png,17
img_0971.png,17
img_0972.png,17
img_0973.png,17
img_0974.png,17
img_0975.png,17
img_0976.png,17
img_0977.png,17
img_0978.png,17
img_0979.png,17
img_0980.png,17
img_0981.png,17
img_0982.png,17
img_0983.png,17
img_0984.png,17
img_0985.png,17
img_0986.png,17
img_0987.png,17
img_0988.png,17
img_0989.png,17
img_0990.png,17
img_0991.png,17
img_0992.png,17
img_0993.png,17
img_0994.png,17
img_0995.png,17
img_0996.png,17
img_0997.png,17
img_0998.png,17
img_0999.png,17
img_1000.png,17
img_1001.png,17
img_1002.png,17
img_1003.png,17
img_1004.png,17
img_1005.png,17
img_1006.png,17
img_1007.png,17
img_1008.png,17
img_1009.png,17
img_1010.png,17
img_1011.png,17
img_1012.png,17
img_1013.png,17
img_1014.png,17
img_1015.png,17
img_1016.png,17
img_1017.png,17
img_1018.png,17
img_1019.png,17
img_1020.png,17
img_1021.png,17
img_1022.png,17
img_1023.png,17
img_1024.png,17
img_1025.png,17
img_1026.png,17
img_1027.png,17
img_1028.png,17
img_1029.png,17
img_1030.png,17
img_1031.png,17
img_1032.png,17
img_1033.png,17
img_1034.png,17
img_1035.png,17
img_1036.png,17
img_1037.png,17
img_1038.png,17
img_1039.png,17
img_1040.png,17
img_1041.png,17
img_1042.png,17
img_1043.png,17
img_1044.png,17
img_1045.png,17
img_1046.png,17
img_1047.png,17
img_1048.png,17
img_1049.png,17
img_1050.png,17
img_1051.png,17
img_1052.png,17
img_1053.png,17
img_1054.png,17
img_1055.png,17
img_1056.png,17
img_1057.png,17
img_1058.png,17
img_1059.png,17
img_1060.png,17
img_1061.png,17
img_1062.png,17
img_1063.png,17
img_1064.png,17
img_1065.png,17
